# Sensor Berghemsgatan, MÃ¶lndal, Sweden (Citizen Science project sensor.community/13012)
# https://aqicn.org/station/@79750/
# Daily pm25
date,min,max,median,q1,q3,stdev,count
2019-12-09T00:00:00.000Z,0.1,4.26,1.46,0.59,2.04,1.01,120
2019-12-10T00:00:00.000Z,0.35,3,1,0.6,1.42,0.681,138
2019-12-11T00:00:00.000Z,2.33,5.28,2.76,2.64,3,0.698,14
2019-12-12T00:00:00.000Z,2.54,6.58,5.05,4.72,5.63,0.962,56
2019-12-13T00:00:00.000Z,3.13,5.43,5.27,4.17,5.39,0.953,4
2019-12-14T00:00:00.000Z,0.97,11.9,6.4,5.04,9.1,2.579,289
2019-12-15T00:00:00.000Z,0.2,3.1,0.5,0.3,0.87,0.917,13
2019-12-17T00:00:00.000Z,0.5,1.05,0.69,0.61,0.78,0.159,12
2019-12-18T00:00:00.000Z,1.2,2.83,2.15,1.94,2.27,0.38,36
2019-12-19T00:00:00.000Z,1.36,8.22,4.2,2.85,4.66,1.326,554
2019-12-20T00:00:00.000Z,3.92,14.3,8.14,7.2,10.63,2.392,585
2019-12-21T00:00:00.000Z,2.37,22.65,6.05,3.56,9.48,3.382,570
2019-12-22T00:00:00.000Z,2.24,9.27,3.44,3.04,4.55,1.705,581
2019-12-23T00:00:00.000Z,0.9,5.84,1.86,1.48,3.46,1.204,582
2019-12-24T00:00:00.000Z,0.78,12.38,2.58,2.04,3.27,1.246,582
2019-12-25T00:00:00.000Z,0.36,17.48,2.16,1.15,3.6,1.736,527
2019-12-26T00:00:00.000Z,0.5,12.57,1.07,0.85,1.65,0.998,576
2019-12-27T00:00:00.000Z,0.25,5.09,1.1,0.77,1.46,0.479,581
2019-12-28T00:00:00.000Z,0.86,6.25,1.62,1.3,2.96,0.95,502
2019-12-29T00:00:00.000Z,2.72,25.7,17.44,10.97,21.12,6.843,558
2019-12-30T00:00:00.000Z,1.95,10.15,7.42,4.59,8.02,1.929,569
2019-12-31T00:00:00.000Z,0.5,317.5,1.72,1.08,3.14,21.026,577
2020-01-01T00:00:00.000Z,1.62,23.7,2.64,2.35,3.61,4.019,576
2020-01-02T00:00:00.000Z,1.97,33.77,10.24,8.52,12.77,7.522,572
2020-01-03T00:00:00.000Z,1.94,11.85,3.16,2.62,4.05,2.041,549
2020-01-04T00:00:00.000Z,0.5,5.44,1,0.82,1.23,0.498,557
2020-01-05T00:00:00.000Z,0.46,1.64,0.82,0.74,0.94,0.2,162
2020-01-19T00:00:00.000Z,1.68,6.97,3.02,2.41,3.6,1.062,119
2020-01-20T00:00:00.000Z,1.8,8.25,4.13,3.43,4.51,0.896,352
2020-01-21T00:00:00.000Z,2.18,5.46,3.62,3.12,4.25,0.735,460
2020-01-22T00:00:00.000Z,2.5,3.1,2.7,2.6,2.86,0.161,17
2020-01-23T00:00:00.000Z,1.1,6.27,3.16,2.7,3.6,0.681,86
2020-01-24T00:00:00.000Z,0.66,5.85,2.44,2.04,2.7,0.64,267
2020-01-25T00:00:00.000Z,1.18,12.11,2.06,1.85,2.48,1.363,297
2020-01-26T00:00:00.000Z,1.2,16.97,5.8,3.92,8.46,3.351,307
2020-01-27T00:00:00.000Z,1.77,17.67,10.24,7.88,14.5,3.924,255
2020-01-28T00:00:00.000Z,0.42,12.59,3.82,1.06,8.19,3.542,273
2020-01-29T00:00:00.000Z,0.22,5.78,1,0.56,1.46,0.578,314
2020-01-30T00:00:00.000Z,0.16,14.85,0.74,0.48,1.18,1.01,296
2020-01-31T00:00:00.000Z,0,6.12,0.89,0.3,2.09,1.138,288
2020-02-01T00:00:00.000Z,1.45,7.82,4.55,3.29,5.15,1.264,325
2020-02-02T00:00:00.000Z,0.36,4.12,1.1,0.94,1.32,0.511,331
2020-02-03T00:00:00.000Z,0.2,3.86,0.75,0.55,1.02,0.514,310
2020-02-04T00:00:00.000Z,0.16,3.22,0.65,0.51,0.92,0.407,264
2020-02-05T00:00:00.000Z,0.2,4.5,1.55,0.67,3.06,1.249,243
2020-02-06T00:00:00.000Z,0.98,8.41,2.35,2,2.75,0.695,236
2020-02-07T00:00:00.000Z,0.66,8,1.98,1.5,3.01,1.208,219
2020-02-08T00:00:00.000Z,3.99,18.7,8.43,5.48,11.46,4.062,195
2020-02-09T00:00:00.000Z,1.43,15.33,5.2,4.24,9.63,3.868,365
2020-02-10T00:00:00.000Z,1.2,4.76,2.62,2.2,3.22,0.739,374
2020-02-11T00:00:00.000Z,0.44,4.94,2.1,1.54,2.95,0.952,361
2020-02-12T00:00:00.000Z,1.03,3.8,1.54,1.28,2.85,0.831,66
2020-02-13T00:00:00.000Z,0.7,15.25,1.21,1.03,1.55,1.178,375
2020-02-14T00:00:00.000Z,1.27,6.16,2.29,1.72,2.9,0.982,374
2020-02-15T00:00:00.000Z,1.32,16.05,7.43,5.17,10.06,3.668,329
2020-02-16T00:00:00.000Z,0.55,5.22,2.22,1.46,3.88,1.249,373
2020-02-17T00:00:00.000Z,1.56,6.74,4.34,3.55,4.79,0.879,332
2020-02-18T00:00:00.000Z,1.1,5.72,2.67,2.04,3.84,1.182,306
2020-02-19T00:00:00.000Z,0.55,7.62,1.35,1.04,1.58,0.756,441
2020-02-20T00:00:00.000Z,0.46,8.47,2.89,2,3.57,1.946,472
2020-02-21T00:00:00.000Z,1,5.08,2.8,2.24,3.5,0.81,412
2020-02-22T00:00:00.000Z,1.12,5.7,2.82,2.21,3.45,0.94,449
2020-02-23T00:00:00.000Z,0.65,5.95,3.22,2.49,4.57,1.332,439
2020-02-24T00:00:00.000Z,0.6,3.45,1.42,1.03,1.78,0.496,525
2020-02-25T00:00:00.000Z,0,1.9,0.26,0.15,0.65,0.484,462
2020-02-26T00:00:00.000Z,0.15,1.56,0.4,0.3,0.54,0.266,407
2020-02-27T00:00:00.000Z,0.2,5.2,0.77,0.5,1.1,0.502,544
2020-02-28T00:00:00.000Z,0.32,4.58,0.8,0.55,1.23,0.64,554
2020-02-29T00:00:00.000Z,1,6.06,3.05,2.15,3.95,1.075,566
2020-03-01T00:00:00.000Z,1,4.36,2.23,1.82,2.69,0.549,574
2020-03-02T00:00:00.000Z,1.5,7.45,2.5,2.22,2.88,0.612,499
2020-03-03T00:00:00.000Z,0.3,7.86,0.9,0.68,1.15,0.937,432
2020-03-04T00:00:00.000Z,0.35,5,1.72,0.96,2.46,0.887,577
2020-03-05T00:00:00.000Z,0.45,5.6,1.05,0.8,1.6,0.628,578
2020-03-06T00:00:00.000Z,0.57,4,1.32,0.95,1.95,0.612,586
2020-03-07T00:00:00.000Z,2.04,11.35,5.56,4.83,7.36,2.028,587
2020-03-08T00:00:00.000Z,3.16,17.14,9.74,6.5,13.07,3.827,582
2020-03-09T00:00:00.000Z,1.14,10.5,4.3,2.68,6.08,2.106,575
2020-03-10T00:00:00.000Z,0.25,10.17,3.12,2.04,4.72,2.409,554
2020-03-11T00:00:00.000Z,2.16,5.78,3.85,3.12,4.26,0.732,576
2020-03-12T00:00:00.000Z,0.1,5.5,2.18,1.5,2.75,1.043,517
2020-03-13T00:00:00.000Z,0.1,10.63,0.6,0.42,1.22,0.981,544
2020-03-14T00:00:00.000Z,0.18,5.05,0.7,0.5,1.08,0.455,548
2020-03-15T00:00:00.000Z,3.12,8.57,5.4,4.83,5.97,0.796,283
2020-03-16T00:00:00.000Z,0.85,4.62,1.94,1.32,2.63,0.792,574
2020-03-17T00:00:00.000Z,0.75,7.86,3.67,1.5,5.09,1.945,570
2020-03-18T00:00:00.000Z,0.68,10.28,2.29,1.79,5.32,2.577,513
2020-03-19T00:00:00.000Z,1.25,3.43,2.1,1.92,2.27,0.302,558
2020-03-20T00:00:00.000Z,0.18,3.33,0.56,0.4,1.84,0.871,485
2020-03-21T00:00:00.000Z,0.2,5.58,0.9,0.4,1.62,0.782,494
2020-03-22T00:00:00.000Z,0.26,8.61,0.92,0.65,1.29,0.835,476
2020-03-23T00:00:00.000Z,0.56,4.55,1.83,1.08,2.37,0.797,471
2020-03-24T00:00:00.000Z,2.33,6.57,3.3,3.04,4.29,0.877,477
2020-03-25T00:00:00.000Z,4.04,10.9,6.53,5.94,7.25,1.456,425
2020-03-26T00:00:00.000Z,6.07,19.19,8.35,7.58,11.85,3.246,447
2020-03-27T00:00:00.000Z,6.22,25.72,7.74,7.29,8.52,1.56,400
2020-03-28T00:00:00.000Z,0.15,1.75,0.72,0.47,1.1,0.393,178
2020-03-29T00:00:00.000Z,0.2,1.4,0.5,0.38,0.75,0.239,353
2020-03-30T00:00:00.000Z,0.16,10.4,0.68,0.4,0.97,1.057,139
2020-03-31T00:00:00.000Z,0.56,3.47,1.55,1.18,1.98,0.564,338
2020-04-01T00:00:00.000Z,0.56,11.73,2.85,1.72,3.4,1.254,210
2020-04-02T00:00:00.000Z,1.21,5.5,3.28,2.82,4.04,0.778,463
2020-04-03T00:00:00.000Z,0.2,2.25,1,0.65,1.36,0.462,485
2020-04-04T00:00:00.000Z,0.55,7.42,1.14,0.91,1.75,1.379,531
2020-04-05T00:00:00.000Z,1.2,15.9,3.86,2,8.51,3.838,533
2020-04-06T00:00:00.000Z,1.38,14.15,6.57,3.7,9.49,3.368,491
2020-04-07T00:00:00.000Z,1.6,21.7,2.62,2.13,5.88,5.392,458
2020-04-08T00:00:00.000Z,1.5,29.3,3.22,2.68,3.92,2.228,483
2020-04-09T00:00:00.000Z,0.2,6.9,1.14,0.6,1.54,1.429,468
2020-04-10T00:00:00.000Z,0.5,13.04,1.15,0.9,1.62,0.895,517
2020-04-11T00:00:00.000Z,0.86,9.02,5.01,1.23,6.29,2.458,156
2020-04-12T00:00:00.000Z,0.5,17.02,4.51,2.96,11.06,4.607,558
2020-04-13T00:00:00.000Z,0.02,3.06,0.4,0.26,0.5,0.241,553
2020-04-14T00:00:00.000Z,0.18,4.95,0.7,0.45,1.29,1.323,556
2020-04-15T00:00:00.000Z,1.95,6.22,3.26,2.68,3.86,0.736,494
2020-04-16T00:00:00.000Z,0.33,6.38,1.55,0.88,2.13,1.185,499
2020-04-17T00:00:00.000Z,0.12,7.18,0.55,0.4,0.9,0.478,538
2020-04-18T00:00:00.000Z,0.45,14.08,0.81,0.7,1,0.89,555
2020-04-19T00:00:00.000Z,0.2,3.88,0.75,0.56,1.25,0.576,554
2020-04-20T00:00:00.000Z,0.4,2.98,0.97,0.75,1.29,0.442,511
2020-04-21T00:00:00.000Z,0.36,3.93,0.75,0.6,1.02,0.429,375
2020-04-22T00:00:00.000Z,0.38,4.42,0.92,0.72,1.4,0.652,407
2020-04-23T00:00:00.000Z,0.52,9.1,1.25,0.95,2.27,1.038,463
2020-04-24T00:00:00.000Z,0.25,5.58,0.94,0.52,2.4,1.17,538
2020-04-25T00:00:00.000Z,0.1,3.25,0.38,0.3,0.48,0.347,500
2020-04-26T00:00:00.000Z,0.7,10.09,2.18,1.75,3.54,2.025,547
2020-04-27T00:00:00.000Z,1.02,8.74,3.76,2.85,4.49,1.115,528
2020-04-28T00:00:00.000Z,0.35,5.56,0.86,0.75,1.08,0.837,401
2020-04-29T00:00:00.000Z,0.5,4.63,1.3,0.96,1.52,0.423,504
2020-04-30T00:00:00.000Z,0.8,8.42,1.55,1.25,2.93,1.181,536
2020-05-01T00:00:00.000Z,1.15,12.24,3.23,1.99,5.45,2.013,552
2020-05-02T00:00:00.000Z,1.37,10.64,3.1,2.46,3.8,1.152,535
2020-05-03T00:00:00.000Z,0.35,7.78,1.6,0.85,3.49,2.275,559
2020-05-04T00:00:00.000Z,0.1,6.12,0.45,0.3,1.54,1.002,500
2020-05-05T00:00:00.000Z,0.16,7.56,0.48,0.4,0.6,0.496,473
2020-05-06T00:00:00.000Z,0.6,4.4,1.4,1.1,2.29,0.777,584
2020-05-07T00:00:00.000Z,0.5,4.44,1.52,1.25,3.14,1.028,375
2020-05-08T00:00:00.000Z,2.66,8.46,5.08,3.76,6.09,1.418,345
2020-05-09T00:00:00.000Z,0.57,7.85,1.88,1.3,3.18,1.468,345
2020-05-10T00:00:00.000Z,0.3,20.48,7.3,5.4,10.48,4.329,243
2020-05-11T00:00:00.000Z,0.15,2.91,0.36,0.3,0.45,0.235,345
2020-05-12T00:00:00.000Z,0.16,1.46,0.57,0.46,0.8,0.265,431
2020-05-13T00:00:00.000Z,0.15,5.64,0.37,0.3,0.55,0.474,459
2020-05-14T00:00:00.000Z,0.22,2.86,1.15,0.6,1.72,0.582,458
2020-05-15T00:00:00.000Z,0.53,5.34,1.73,1.23,2.19,0.642,530
2020-05-16T00:00:00.000Z,0.52,3.25,1.92,1.4,2.34,0.59,334
2020-05-17T00:00:00.000Z,1.33,5.78,2.45,2.22,2.86,0.504,522
2020-05-18T00:00:00.000Z,0.3,3.66,1.1,0.8,1.35,0.418,453
2020-05-19T00:00:00.000Z,0.4,5.53,1,0.75,1.27,0.499,509
2020-05-20T00:00:00.000Z,0.4,10.67,1.05,0.75,1.45,1.056,522
2020-05-21T00:00:00.000Z,0.46,11.04,1.18,0.85,1.6,1.105,505
2020-05-22T00:00:00.000Z,0.74,4.96,1.72,1.35,2.41,0.828,539
2020-05-23T00:00:00.000Z,1.42,22.7,4.59,3.47,7.65,2.808,507
2020-05-24T00:00:00.000Z,1.5,9.1,3.73,3.17,4.43,0.978,531
2020-05-25T00:00:00.000Z,0.82,7.33,2.02,1.7,3.29,1.401,517
2020-05-26T00:00:00.000Z,0.95,7.53,2.27,1.9,2.72,0.745,454
2020-05-27T00:00:00.000Z,0.43,6.63,1.73,1.05,3.53,1.584,504
2020-05-28T00:00:00.000Z,0.3,7.65,0.9,0.7,1.2,0.6,471
2020-05-29T00:00:00.000Z,0.5,3.33,1.1,0.9,1.5,0.421,515
2020-05-30T00:00:00.000Z,0.4,28.67,1,0.7,1.5,1.915,515
2020-05-31T00:00:00.000Z,0.1,2.78,0.5,0.4,0.74,0.374,465
2020-06-01T00:00:00.000Z,0.28,6.43,0.62,0.55,0.8,0.411,465
2020-06-02T00:00:00.000Z,0.2,3.97,0.7,0.5,1.14,0.459,485
2020-06-03T00:00:00.000Z,0.6,7.65,1.85,1.25,2.33,1.032,432
2020-06-04T00:00:00.000Z,0.6,3.08,1.1,1,1.3,0.355,411
2020-06-05T00:00:00.000Z,0.37,8.33,1.55,0.7,2.47,1.029,431
2020-06-06T00:00:00.000Z,0.33,8.6,1.5,1.2,2.33,1.059,478
2020-06-07T00:00:00.000Z,0.8,14.73,1.65,1.37,2.02,0.835,521
2020-06-08T00:00:00.000Z,0.73,8.23,1.7,1.35,2,0.683,514
2020-06-09T00:00:00.000Z,1.27,5.35,1.9,1.65,2.2,0.453,483
2020-06-10T00:00:00.000Z,0.6,12.15,2.06,1.6,2.7,1.227,516
2020-06-11T00:00:00.000Z,0.5,3.5,0.8,0.7,1.14,0.513,555
2020-06-12T00:00:00.000Z,0.5,8.38,1.4,1.02,1.6,0.624,569
2020-06-13T00:00:00.000Z,1.4,16.27,2.8,2,3.85,1.608,547
2020-06-14T00:00:00.000Z,1.35,5.93,2,1.8,2.22,0.538,347
2020-06-15T00:00:00.000Z,1.2,27.17,2.02,1.8,2.29,1.435,558
2020-06-16T00:00:00.000Z,0.88,24.3,2.74,2.22,3.25,1.294,540
2020-06-17T00:00:00.000Z,1.6,8.94,3.28,2.8,4.5,1.233,536
2020-06-18T00:00:00.000Z,2.2,18.27,4.2,3.58,4.65,1.308,483
2020-06-19T00:00:00.000Z,1.98,95.22,5.43,3.17,6.93,4.799,478
2020-06-20T00:00:00.000Z,1.98,16.07,4.68,3.6,7.03,2.576,559
2020-06-21T00:00:00.000Z,1.17,15.38,4.12,2.4,10.27,4.134,565
2020-06-22T00:00:00.000Z,0.3,8.32,2.67,1.73,3,1.097,559
2020-06-23T00:00:00.000Z,2.4,4.15,2.97,2.75,3.16,0.322,73
2021-01-21T00:00:00.000Z,0.77,3.5,1.63,1.4,1.99,0.446,96
2021-01-22T00:00:00.000Z,0.2,5.33,1.6,1,2.1,0.719,262
2021-01-23T00:00:00.000Z,0.7,7.23,2.47,2.04,3.44,0.994,261
2021-01-24T00:00:00.000Z,2.23,21.53,4.83,3.27,5.87,2.204,282
2021-01-25T00:00:00.000Z,0.6,10.3,3.1,1.73,4.76,1.735,242
2021-01-26T00:00:00.000Z,0.2,6.03,1.27,0.9,2.2,1.168,278
2021-01-27T00:00:00.000Z,0.9,21.97,4.57,3.1,5.75,2.216,248
2021-01-28T00:00:00.000Z,0.1,7.7,1.6,0.8,2.17,0.883,293
2021-01-29T00:00:00.000Z,0.13,4.57,1.45,1.17,2.04,0.807,280
2021-01-30T00:00:00.000Z,0.4,9.23,2.93,2.33,3.33,1.128,272
2021-01-31T00:00:00.000Z,1.63,15.6,3.9,3.19,4.63,1.436,281
2021-02-01T00:00:00.000Z,0.6,12,2.5,1.8,3.77,1.693,226
2021-02-02T00:00:00.000Z,0.4,8.93,2.13,1.8,2.67,0.787,253
2021-02-03T00:00:00.000Z,0.63,4.63,2.29,1.9,2.6,0.574,247
2021-02-04T00:00:00.000Z,0.4,9.63,1.6,1.27,1.99,0.73,273
2021-02-05T00:00:00.000Z,0.07,7.33,1.67,1.4,2.52,1.161,239
2021-02-06T00:00:00.000Z,0,8.19,1.93,1.37,2.52,0.951,247
2021-02-07T00:00:00.000Z,0.1,2.6,0.8,0.6,1.1,0.387,239
2021-02-08T00:00:00.000Z,0,1.6,0.5,0.33,0.67,0.234,263
2021-02-09T00:00:00.000Z,0,3.07,0.5,0.3,0.67,0.284,243
2021-02-10T00:00:00.000Z,0,2,0.6,0.4,0.8,0.296,242
2021-02-11T00:00:00.000Z,0,4.5,0.6,0.3,1.1,0.715,238
2021-02-12T00:00:00.000Z,0.03,8.19,1.8,1.3,2.5,1.714,279
2021-02-13T00:00:00.000Z,0.9,24.87,2.38,2,3.23,2.155,262
2021-02-14T00:00:00.000Z,0.9,48.37,4.3,3.6,5.42,4.24,244
2021-02-15T00:00:00.000Z,0.6,7.37,1.9,1.4,3.2,1.727,247
2021-02-16T00:00:00.000Z,1.43,7.7,4.73,3.53,5.67,1.386,238
2021-02-17T00:00:00.000Z,3.2,12.03,6.4,5.63,7.6,2.032,237
2021-02-18T00:00:00.000Z,1.43,9.83,5.7,4.79,6.6,1.409,272
2021-02-19T00:00:00.000Z,3.67,10.63,6.27,5.09,7.67,1.72,244
2021-02-20T00:00:00.000Z,3.1,9.3,4.42,3.95,5.2,1.21,252
2021-02-21T00:00:00.000Z,3.63,28.53,8.3,7.42,9.36,2.887,257
2021-02-22T00:00:00.000Z,5.09,37.79,10.07,7.7,12.07,3.515,217
2021-02-23T00:00:00.000Z,2.1,22.37,10.5,5.03,13.8,5.327,235
2021-02-24T00:00:00.000Z,2.52,18.39,6.8,4.07,13.37,4.807,237
2021-02-25T00:00:00.000Z,1.5,8.63,4.53,3.4,5.27,1.446,237
2021-02-26T00:00:00.000Z,0.8,6.23,2.17,1.7,3.1,0.919,226
2021-02-27T00:00:00.000Z,0.4,6.1,2.02,1.47,3,1.247,262
2021-02-28T00:00:00.000Z,1,18.5,3.1,2.1,4.7,1.874,264
2021-03-01T00:00:00.000Z,0.87,8.02,3,2.6,3.77,0.891,239
2021-03-02T00:00:00.000Z,1.43,9.1,2.99,2.5,5.17,1.887,252
2021-03-03T00:00:00.000Z,3,24.77,5.6,4.83,6.94,1.979,233
2021-03-04T00:00:00.000Z,0,20.63,0.7,0.4,1.2,1.671,235
2021-03-05T00:00:00.000Z,0.1,4.87,0.8,0.45,1.29,0.732,256
2021-03-06T00:00:00.000Z,0.2,5.17,2.13,1.45,2.87,0.874,249
2021-03-07T00:00:00.000Z,0,4.57,0.49,0.2,1.5,1.072,268
2021-03-08T00:00:00.000Z,0.1,3.6,0.87,0.6,1.23,0.574,247
2021-03-09T00:00:00.000Z,0.47,8.17,2.1,1.75,2.54,0.949,261
2021-03-10T00:00:00.000Z,0.4,4.67,2.17,1,3,1.153,234
2021-03-11T00:00:00.000Z,0.53,10.43,3.33,2.1,5.45,2.112,149
2021-03-12T00:00:00.000Z,0.43,4.7,2.42,1.82,3.42,0.947,116
2021-03-13T00:00:00.000Z,0.7,3.9,1.8,1.43,2.13,0.637,109
2021-03-14T00:00:00.000Z,0.47,5.93,1.7,1.5,2.06,0.691,158
2021-03-15T00:00:00.000Z,0,20.3,1.1,0.6,1.47,1.597,179
2021-03-16T00:00:00.000Z,0.17,3.8,1.5,1.1,1.89,0.561,168
2021-03-17T00:00:00.000Z,0,2.73,1.05,0.4,1.5,0.636,246
2021-03-18T00:00:00.000Z,0.03,4.5,1.17,0.59,1.55,0.894,204
2021-03-19T00:00:00.000Z,0.1,2.5,0.5,0.3,0.82,0.44,132
2021-03-20T00:00:00.000Z,0.56,14.43,2.06,1.33,2.6,1.25,180
2021-03-21T00:00:00.000Z,0,2.1,0.4,0.2,0.9,0.395,243
2021-03-22T00:00:00.000Z,0.1,37.93,1.3,0.9,2,3.756,241
2021-03-23T00:00:00.000Z,1.8,11.5,3.47,2.7,4.7,1.245,319
2021-03-24T00:00:00.000Z,2.47,21.27,10.57,8.69,13.31,3.49,240
2021-03-25T00:00:00.000Z,4.57,15.1,7.53,6.83,8.33,1.492,231
2021-03-26T00:00:00.000Z,4.67,29.73,12.43,10.37,17.14,5.002,245
2021-03-27T00:00:00.000Z,0,25.8,3.03,1.57,18.35,9.185,269
2021-03-28T00:00:00.000Z,0.83,9.94,2.97,1.97,4.59,2.041,187
2021-03-29T00:00:00.000Z,1.33,7.83,4.23,3.63,4.97,0.977,198
2021-03-30T00:00:00.000Z,1.33,9.1,3.67,3.1,4.8,1.63,211
2021-03-31T00:00:00.000Z,0,16.2,7.59,5.77,10.34,4.038,200
2021-04-01T00:00:00.000Z,0,7.9,0.4,0.2,0.7,0.707,178
2021-04-02T00:00:00.000Z,0.03,16.13,1.07,0.4,1.77,1.348,205
2021-04-03T00:00:00.000Z,0,2.23,0.4,0.2,0.7,0.437,214
2021-04-04T00:00:00.000Z,0.87,9.8,2.4,1.8,3.77,1.575,207
2021-04-05T00:00:00.000Z,0,26,0.5,0.3,0.77,1.943,177
2021-04-06T00:00:00.000Z,0.07,2.27,0.47,0.3,0.6,0.29,242
2021-04-07T00:00:00.000Z,0.1,26,0.5,0.37,0.8,2.357,167
2021-04-08T00:00:00.000Z,0.1,3.73,0.9,0.56,1.57,0.935,194
2021-04-09T00:00:00.000Z,0.2,5.9,1.8,1.2,2.5,1.325,189
2021-04-10T00:00:00.000Z,0.1,4.53,1,0.7,1.23,0.565,167
2021-04-11T00:00:00.000Z,0.1,2.47,0.83,0.4,1.3,0.515,139
2021-04-12T00:00:00.000Z,0,1.3,0.5,0.3,0.77,0.278,133
2021-04-13T00:00:00.000Z,0,2.06,0.4,0.27,0.7,0.474,138
2021-04-14T00:00:00.000Z,0.07,3.13,0.5,0.23,0.8,0.482,135
2021-04-15T00:00:00.000Z,0.2,2.83,0.6,0.5,0.87,0.381,123
2021-04-16T00:00:00.000Z,0.3,1.5,0.8,0.7,0.9,0.192,122
2021-04-17T00:00:00.000Z,0.4,8.17,0.87,0.72,1,0.641,145
2021-04-18T00:00:00.000Z,0.4,3.17,1.1,0.77,1.45,0.654,132
2021-04-19T00:00:00.000Z,0.73,5.95,1.27,1.05,1.6,0.61,131
2021-04-20T00:00:00.000Z,1.02,13.5,1.7,1.5,2.42,1.956,132
2021-04-21T00:00:00.000Z,0.1,13.13,0.73,0.33,1.9,2.759,125
2021-04-22T00:00:00.000Z,0,7.37,0.49,0.2,0.8,0.887,118
2021-04-23T00:00:00.000Z,0,3.03,0.4,0.2,1,0.578,115
2021-04-24T00:00:00.000Z,0,2.17,0.3,0.2,0.47,0.478,129
2021-04-25T00:00:00.000Z,0,1.5,0.2,0.2,0.3,0.163,162
2021-04-26T00:00:00.000Z,0.1,1.2,0.4,0.3,0.6,0.195,138
2021-04-27T00:00:00.000Z,0.23,2.13,0.7,0.5,0.93,0.357,129
2021-04-28T00:00:00.000Z,0.37,2.1,1,0.8,1.1,0.281,132
2021-04-29T00:00:00.000Z,0.5,3.5,1.5,1.2,2.31,0.735,117
2021-04-30T00:00:00.000Z,0.43,4.76,0.85,0.7,1.1,0.564,105
2021-05-01T00:00:00.000Z,0.2,6.33,2.12,1.53,2.93,1.093,138
2021-05-02T00:00:00.000Z,0.6,3.92,2.2,1.92,2.6,0.547,132
2021-05-03T00:00:00.000Z,0.5,3.77,1.62,0.9,2,0.662,124
2021-05-04T00:00:00.000Z,0.6,6.03,2.15,1.53,4.2,1.423,122
2021-05-05T00:00:00.000Z,0,2,0.5,0.3,1,0.401,121
2021-05-06T00:00:00.000Z,0,2.87,1.37,0.37,1.6,0.664,115
2021-05-07T00:00:00.000Z,1,14.63,2.09,1.63,2.37,1.563,122
2021-05-08T00:00:00.000Z,0.5,10.47,1.63,1.37,2.43,1.206,127
2021-05-09T00:00:00.000Z,0.7,12.37,2.8,1.5,3.9,3.224,142
2021-05-10T00:00:00.000Z,2.17,7.32,2.94,2.65,3.42,0.784,138
2021-05-11T00:00:00.000Z,0.5,7.7,1.37,0.87,2.65,1.52,121
2021-05-12T00:00:00.000Z,0.5,12,3.5,2.47,4.57,1.569,115
2021-05-13T00:00:00.000Z,1.7,16.77,6.2,4.93,7.19,2.463,144
2021-05-14T00:00:00.000Z,2.15,9.5,6.04,5.21,6.77,1.536,132
2021-05-15T00:00:00.000Z,0.3,16.3,2.27,1.6,3.1,1.689,147
2021-05-16T00:00:00.000Z,0.7,11.57,2.82,1.98,3.17,1.32,150
2021-05-17T00:00:00.000Z,0.9,11.13,3.17,2.04,4.76,2.288,133
2021-05-18T00:00:00.000Z,1.45,5.43,2.73,2.29,3.42,0.894,113
2021-05-19T00:00:00.000Z,0.87,5.83,2.5,2,3,0.777,150
2021-05-20T00:00:00.000Z,0.3,2.52,1.23,1.1,1.5,0.34,155
2021-05-21T00:00:00.000Z,0.55,16.03,1.7,1.5,2.21,1.387,144
2021-05-22T00:00:00.000Z,0.47,2.5,1.19,0.9,1.54,0.426,120
2021-05-23T00:00:00.000Z,0.4,3.3,1.4,1,1.8,0.572,163
2021-05-24T00:00:00.000Z,0.6,5.6,1.13,0.97,1.6,0.739,144
2021-05-25T00:00:00.000Z,0.63,2.35,1.4,1.1,1.57,0.366,159
2021-05-26T00:00:00.000Z,0.4,2,0.7,0.6,0.9,0.272,159
2021-05-27T00:00:00.000Z,0.3,5.6,1,0.6,1.67,0.698,147
2021-05-28T00:00:00.000Z,0.56,7.97,1.88,1.47,4.47,1.721,154
2021-05-29T00:00:00.000Z,1.42,6.17,3.4,2.5,4.22,1.096,136
2021-05-30T00:00:00.000Z,1.45,5.53,2.9,2.14,3.3,0.743,169
2021-05-31T00:00:00.000Z,1.75,7.6,5.34,4.05,6.43,1.511,132
2021-06-01T00:00:00.000Z,0.8,8.5,1.42,1.2,6.56,2.659,173
2021-06-02T00:00:00.000Z,1.4,5.13,2.29,1.88,3.13,0.73,162
2021-06-03T00:00:00.000Z,1.6,15.5,2.54,2.15,3.06,1.419,149
2021-06-04T00:00:00.000Z,1.65,7.93,2.7,2.35,3.33,0.909,159
2021-06-05T00:00:00.000Z,2.7,51.7,3.8,3.3,5.55,4.786,158
2021-06-06T00:00:00.000Z,1.63,8.35,4.7,2.78,6.07,1.78,197
2021-06-07T00:00:00.000Z,0.73,11.2,6.05,3.07,7.47,2.647,324
2021-06-08T00:00:00.000Z,1.17,6.05,3.4,2.63,3.97,1.073,235
2021-06-09T00:00:00.000Z,1.27,13.32,3.2,2,5.13,2.683,259
2021-06-10T00:00:00.000Z,1.4,10.02,5.92,3.05,7.9,2.598,170
2021-06-11T00:00:00.000Z,1.65,17.7,5,3.55,5.77,3.646,180
2021-06-12T00:00:00.000Z,0.65,4.18,2.45,1.88,2.85,0.684,162
2021-06-13T00:00:00.000Z,0.1,10.8,1.14,0.56,3,1.772,161
2021-06-14T00:00:00.000Z,0.7,6.8,2.97,2.29,3.67,1.12,195
2021-06-15T00:00:00.000Z,0.5,3,1.73,1.46,2.1,0.468,192
2021-06-16T00:00:00.000Z,0.85,3.83,1.6,1.4,1.9,0.453,172
2021-06-17T00:00:00.000Z,1.05,7.72,2.6,2.08,5.2,1.856,238
2021-06-18T00:00:00.000Z,1.6,13.52,5.3,2.46,8.38,3.485,241
2021-06-19T00:00:00.000Z,2.35,14.8,3.92,3.25,9.73,3.25,279
2021-06-20T00:00:00.000Z,0.63,7.7,3.5,2.65,4.53,1.65,302
2021-06-21T00:00:00.000Z,0.45,5.8,1.85,1.13,3.22,1.081,273
2021-06-22T00:00:00.000Z,1.38,5.07,3.05,2.52,3.42,0.853,231
2021-06-23T00:00:00.000Z,0.5,5.35,1.42,1,2.29,0.82,285
2021-06-24T00:00:00.000Z,1.75,7.65,3.4,3.13,3.94,0.794,260
2021-06-25T00:00:00.000Z,0.7,53.35,2.99,1.5,3.72,4.05,294
2021-06-26T00:00:00.000Z,0.8,11.13,4.17,2.76,5.17,1.656,308
2021-06-27T00:00:00.000Z,1.05,8.75,3.4,2.2,3.9,1.517,306
2021-06-28T00:00:00.000Z,2.65,9.43,4.84,4.2,5.32,0.786,291
2021-06-29T00:00:00.000Z,2.75,11.77,6.03,4.88,7.88,1.68,323
2021-06-30T00:00:00.000Z,2.33,9.44,5.29,4.4,6.75,1.576,296
2021-07-01T00:00:00.000Z,0.65,4.28,1.8,1.6,2.46,0.79,265
2021-07-02T00:00:00.000Z,1.77,8.15,4,2.89,5.23,1.503,257
2021-07-03T00:00:00.000Z,2.8,9.73,4.53,3.95,5.96,1.562,329
2021-07-04T00:00:00.000Z,2.35,10.77,4.67,3.7,5.55,1.099,320
2021-07-05T00:00:00.000Z,2.92,7.25,4.82,4.09,5.4,0.851,259
2021-07-06T00:00:00.000Z,0.95,6.47,2,1.69,2.6,1.349,305
2021-07-07T00:00:00.000Z,0.68,3.72,1.77,1.58,1.98,0.373,267
2021-07-08T00:00:00.000Z,1,4.38,2.2,1.73,2.5,0.537,283
2021-07-09T00:00:00.000Z,1.4,8.8,2.88,2.35,3.7,0.997,323
2021-07-10T00:00:00.000Z,1.02,6.2,2.5,1.9,3.42,0.984,327
2021-07-11T00:00:00.000Z,0.8,2.9,1.7,1.41,2,0.346,357
2021-07-12T00:00:00.000Z,1.8,2.47,2.17,2.06,2.29,0.159,53
2021-07-14T00:00:00.000Z,12.57,15.1,14,13.67,14.4,0.595,24
2021-07-15T00:00:00.000Z,3.5,17.7,7.48,5.49,14.88,4.639,304
2021-07-16T00:00:00.000Z,4.25,11.27,6,5.35,8.85,1.923,258
2021-07-17T00:00:00.000Z,1.05,6.82,3.39,2.79,5.53,1.584,256
2021-07-18T00:00:00.000Z,0.4,4.09,1.5,1.12,2.04,0.662,216
2021-07-19T00:00:00.000Z,0.3,1.2,0.55,0.4,0.68,0.224,27
2021-07-26T00:00:00.000Z,3.5,9.05,6.78,5.93,7.47,1.245,135
2021-07-27T00:00:00.000Z,4.45,11.05,8.09,7.53,8.91,1.365,340
2021-07-28T00:00:00.000Z,2,8.77,4.53,3.9,5.55,1.425,350
2021-07-29T00:00:00.000Z,0.43,5.65,2.04,1.35,3.42,1.205,306
2021-07-30T00:00:00.000Z,1.2,3.78,2.4,2.06,2.78,0.506,245
2021-07-31T00:00:00.000Z,0.9,4.88,2.74,1.77,3.6,1.022,266
2021-08-01T00:00:00.000Z,0.28,14.7,1.23,0.98,1.58,1.302,266
2021-08-02T00:00:00.000Z,0.38,6.77,0.99,0.7,1.6,0.722,246
2021-08-03T00:00:00.000Z,0.55,3.2,1.1,0.9,1.4,0.383,262
2021-08-04T00:00:00.000Z,0.85,3.1,1.5,1.35,1.63,0.309,220
2021-08-05T00:00:00.000Z,0.9,9.3,2.1,1.73,2.4,0.622,260
2021-08-06T00:00:00.000Z,0.6,7.5,1.4,1.1,1.73,0.622,320
2021-08-07T00:00:00.000Z,0.68,2.2,1.2,1,1.33,0.26,321
2021-08-08T00:00:00.000Z,0.7,5.38,1.75,1.5,2.25,0.618,293
2021-08-09T00:00:00.000Z,1.2,4.53,2.54,2.04,3.03,0.652,229
2021-08-10T00:00:00.000Z,1.42,6.78,3.1,2.7,3.47,0.579,303
2021-08-11T00:00:00.000Z,0.7,9.05,2.74,1.8,3.38,1.15,236
2021-08-12T00:00:00.000Z,1.3,19.88,2.9,2.09,4.05,1.46,296
2021-08-13T00:00:00.000Z,1.45,63.47,3.53,2.5,6.68,3.628,535
2021-08-14T00:00:00.000Z,0.56,4.03,2.27,1.95,2.66,0.536,445
2021-08-15T00:00:00.000Z,0.56,3.25,1.9,1.6,2.17,0.434,466
2021-08-16T00:00:00.000Z,0.85,3.7,1.85,1.5,2.17,0.545,520
2021-08-17T00:00:00.000Z,0.1,3.1,1.14,0.77,2.04,0.766,548
2021-08-18T00:00:00.000Z,0.1,14.17,1.7,1.1,2.15,0.876,457
2021-08-19T00:00:00.000Z,0.22,4.95,1.04,0.8,1.52,0.786,550
2021-08-20T00:00:00.000Z,0.3,7,1.19,0.75,1.9,0.833,518
2021-08-21T00:00:00.000Z,0.6,6.7,1.73,1.33,2.2,0.617,555
2021-08-22T00:00:00.000Z,0.9,2.8,1.6,1.4,1.9,0.39,517
2021-08-23T00:00:00.000Z,0.8,5.85,1.7,1.3,2.04,0.617,551
2021-08-24T00:00:00.000Z,1.14,5.75,2.2,1.82,2.6,0.577,528
2021-08-25T00:00:00.000Z,0,6.13,1.7,0.22,3.15,1.624,529
2021-08-26T00:00:00.000Z,0,2.29,0.5,0.3,0.7,0.502,394
2021-08-27T00:00:00.000Z,0.1,2.4,1.2,0.8,1.52,0.502,420
2021-08-28T00:00:00.000Z,0.4,4.3,2.08,1.5,2.8,0.854,374
2021-08-29T00:00:00.000Z,2.1,15.3,3.9,3.58,4.38,0.838,403
2021-08-30T00:00:00.000Z,1.3,7.13,2.8,2.27,3.89,0.978,524
2021-08-31T00:00:00.000Z,2,12.48,3.03,2.75,3.4,0.673,533
2021-09-01T00:00:00.000Z,1.77,6.15,2.97,2.65,3.28,0.649,527
2021-09-02T00:00:00.000Z,0.25,11.75,5.4,4.42,6.95,2.466,521
2021-09-03T00:00:00.000Z,0.5,11.57,2.39,0.92,4.3,1.795,552
2021-09-04T00:00:00.000Z,0.3,3.08,0.7,0.6,0.8,0.257,545
2021-09-05T00:00:00.000Z,0.3,4.83,0.9,0.65,1.1,0.492,480
2021-09-06T00:00:00.000Z,0.45,7.8,1.3,1.02,1.65,0.799,468
2021-09-07T00:00:00.000Z,2.29,22.85,6.1,4.78,8.52,3.102,443
2021-09-08T00:00:00.000Z,2.17,25,10.96,7.7,16.29,5.502,576
2021-09-09T00:00:00.000Z,7.1,30.23,11.82,9.02,17.55,5.741,503
2021-09-10T00:00:00.000Z,4.65,48.5,9.57,6.43,11.93,4.672,567
2021-09-11T00:00:00.000Z,0.43,30.5,5.45,1.98,17.75,8.202,565
2021-09-12T00:00:00.000Z,0.4,12.02,3,2.19,5.75,2.657,564
2021-09-13T00:00:00.000Z,0.3,11.43,0.75,0.53,1.1,1.065,572
2021-09-14T00:00:00.000Z,0.5,5.73,1.45,1,1.97,0.7,579
2021-09-15T00:00:00.000Z,0.5,3.97,1.42,1.1,2.2,0.641,566
2021-09-16T00:00:00.000Z,0,1.33,0.3,0.2,0.5,0.201,559
2021-09-17T00:00:00.000Z,0.1,6.23,1.7,1.03,2.37,0.886,556
2021-09-18T00:00:00.000Z,1.17,12.9,2.2,1.8,2.8,0.735,572
2021-09-19T00:00:00.000Z,0.5,9.83,1.37,1.2,1.73,0.626,577
2021-09-20T00:00:00.000Z,1.2,6.77,2.5,2.17,2.82,0.565,573
2021-09-21T00:00:00.000Z,1.03,5.3,3.03,1.9,3.8,1.091,573
2021-09-22T00:00:00.000Z,1.07,8.88,2.96,2.22,3.8,1.067,578
2021-09-23T00:00:00.000Z,0.1,5.45,1.43,0.7,3.03,1.3,581
2021-09-24T00:00:00.000Z,0.2,11.47,1.8,0.6,3.22,1.51,567
2021-09-25T00:00:00.000Z,0.17,7.53,1.65,0.9,2.92,1.428,568
2021-09-26T00:00:00.000Z,0.6,4.97,1.27,1.07,1.5,0.414,567
2021-09-27T00:00:00.000Z,0.67,9.44,2.1,1.47,3.45,1.093,555
2021-09-28T00:00:00.000Z,0.98,18.73,1.75,1.42,2.1,1.328,573
2021-09-29T00:00:00.000Z,0.68,8.35,2.17,1.3,5.21,2.09,561
2021-09-30T00:00:00.000Z,0.13,6.93,0.97,0.47,4.53,2.073,559
2021-10-01T00:00:00.000Z,0.4,3.27,1.63,1.17,2.13,0.605,548
2021-10-02T00:00:00.000Z,1.2,8.9,3.2,2.06,4.09,1.199,557
2021-10-03T00:00:00.000Z,0.03,15.13,5.97,5.13,7.04,2.253,540
2021-10-04T00:00:00.000Z,0.43,4.3,2.14,1.45,2.52,0.775,558
2021-10-05T00:00:00.000Z,0.1,4.59,1.8,1.4,2.63,0.922,579
2021-10-06T00:00:00.000Z,0.1,11.97,1.75,0.73,4.37,1.866,572
2021-10-07T00:00:00.000Z,1.63,19.5,4.87,3.5,6.67,1.939,567
2021-10-08T00:00:00.000Z,3.58,17.57,8.3,5.89,10.47,3.119,552
2021-10-09T00:00:00.000Z,3.5,24.77,10.77,8.1,13.8,4.189,557
2021-10-10T00:00:00.000Z,1.1,16.8,5.73,4.3,8.61,3.276,577
2021-10-11T00:00:00.000Z,0.1,7,0.7,0.5,1.2,0.562,570
2021-10-12T00:00:00.000Z,0,16.03,0.47,0.27,0.9,0.898,569
2021-10-13T00:00:00.000Z,0.1,7.63,0.7,0.5,1,0.727,568
2021-10-14T00:00:00.000Z,0.3,5.63,1.87,1.2,2.77,1.097,554
2021-10-15T00:00:00.000Z,0,218.03,0.83,0.3,1.27,12.005,564
2021-10-16T00:00:00.000Z,0.3,3.8,1.47,1.1,1.77,0.512,571
2021-10-17T00:00:00.000Z,0.1,13.37,0.6,0.4,0.9,0.728,569
2021-10-18T00:00:00.000Z,0.1,5.47,0.7,0.5,1,0.646,555
2021-10-19T00:00:00.000Z,0.2,17.89,2.87,1.07,6.27,3.285,575
2021-10-20T00:00:00.000Z,1.1,10.23,3.7,2.29,5.3,2.119,558
2021-10-21T00:00:00.000Z,0,2.83,0.82,0.5,1.5,0.634,570
2021-10-22T00:00:00.000Z,0.1,1.87,0.5,0.4,0.7,0.291,575
2021-10-23T00:00:00.000Z,0,7.2,0.5,0.3,1.5,0.912,558
2021-10-24T00:00:00.000Z,0.56,5.3,2.1,1.4,3.13,1.069,558
2021-10-25T00:00:00.000Z,1.7,14.13,5.09,3.57,9.3,3.401,567
2021-10-26T00:00:00.000Z,0.9,20.57,1.97,1.63,4.26,1.871,559
2021-10-27T00:00:00.000Z,0.3,8.27,3.13,1.64,4.43,1.647,549
2021-10-28T00:00:00.000Z,0.63,13,5.13,3.85,7.7,3.038,541
2021-10-29T00:00:00.000Z,4.09,20.47,10.35,6.12,13.33,4.025,564
2021-10-30T00:00:00.000Z,4.07,22.07,13.37,10.52,16.03,4.053,572
2021-10-31T00:00:00.000Z,1.3,18.63,3.1,2.43,8.24,4.631,568
2021-11-01T00:00:00.000Z,2.17,13.57,5.75,3.27,10.09,3.556,540
2021-11-02T00:00:00.000Z,1.6,7.37,3.6,2.8,4.03,0.87,536
2021-11-03T00:00:00.000Z,1.4,17.47,3.83,2.7,5.5,2.088,561
2021-11-04T00:00:00.000Z,0.9,17.3,6.87,4.9,9.19,2.824,568
2021-11-05T00:00:00.000Z,0.1,3.73,0.73,0.5,1.07,0.435,561
2021-11-06T00:00:00.000Z,0.27,4.17,1.93,1.4,2.52,0.749,568
2021-11-07T00:00:00.000Z,0,12.67,1.33,0.33,2.37,1.205,554
2021-11-08T00:00:00.000Z,0.03,8.23,0.4,0.3,0.7,0.755,457
2021-11-09T00:00:00.000Z,0.3,9.4,1.6,0.9,5.4,2.467,511
2021-11-10T00:00:00.000Z,0.43,14.17,2.47,2,3.6,1.135,551
2021-11-11T00:00:00.000Z,0.5,3.6,1.7,1.47,2,0.439,526
2021-11-12T00:00:00.000Z,0.56,10.19,1.7,1.23,2.02,0.726,499
2021-11-13T00:00:00.000Z,0.67,6.3,1.9,1.5,2.63,0.772,553
2021-11-14T00:00:00.000Z,0.37,10.7,1.2,0.9,1.6,0.671,548
2021-11-15T00:00:00.000Z,0.9,29.4,2,1.57,4.07,2.191,547
2021-11-16T00:00:00.000Z,5.3,13.93,8.52,6.97,9.93,1.84,547
2021-11-17T00:00:00.000Z,0.23,12.17,1.8,1.3,4.03,2.341,412
2021-11-18T00:00:00.000Z,0.3,5.03,1.6,1,2.5,0.983,529
2021-11-19T00:00:00.000Z,0.73,9.07,3.53,2.67,4.76,1.491,509
2021-11-20T00:00:00.000Z,0,7.53,1,0.4,2.4,1.168,547
2021-11-21T00:00:00.000Z,0,2.9,0.33,0.2,0.7,0.353,559
2021-11-22T00:00:00.000Z,0.3,13.77,0.97,0.7,1.27,0.726,563
2021-11-23T00:00:00.000Z,0.4,8.17,1.2,0.87,1.79,0.767,553
2021-11-24T00:00:00.000Z,0.2,5,1,0.7,1.47,0.507,562
2021-11-25T00:00:00.000Z,0.1,3.73,1,0.7,1.3,0.471,563
2021-11-26T00:00:00.000Z,0.1,5.97,0.67,0.5,0.8,0.452,570
2021-11-27T00:00:00.000Z,0.1,2.23,0.72,0.3,1,0.388,346
2022-01-30T00:00:00.000Z,0,3.2,0.6,0.42,0.8,0.315,352
2022-01-31T00:00:00.000Z,0.2,58.73,1.07,0.73,1.7,2.597,558
2022-02-01T00:00:00.000Z,0.2,68.47,1,0.67,1.7,3.08,513
2022-02-02T00:00:00.000Z,0.2,9.86,1.39,1.1,2.3,1.069,522
2022-02-03T00:00:00.000Z,0.2,9.67,2.33,1.05,2.8,1.548,512
2022-02-04T00:00:00.000Z,0,9.57,1.77,0.97,4.9,2.495,525
2022-02-05T00:00:00.000Z,0.17,3.77,1.7,1.35,2.2,0.633,548
2022-02-06T00:00:00.000Z,0.07,6.13,1.09,0.67,1.6,0.641,540
2022-02-07T00:00:00.000Z,0.23,7.5,1.2,0.8,1.67,0.914,555
2022-02-08T00:00:00.000Z,0.27,6.53,2.83,2.12,3.4,1.01,544
2022-02-09T00:00:00.000Z,0.37,4.59,2.4,1.87,2.97,0.789,513
2022-02-10T00:00:00.000Z,0.2,8.63,1.63,1.33,1.99,0.675,500
2022-02-11T00:00:00.000Z,0.03,4.17,0.8,0.6,1,0.439,505
2022-02-12T00:00:00.000Z,0.23,5.4,1.83,1.5,3.3,1.099,539
2022-02-13T00:00:00.000Z,1.53,13.13,5.97,4.8,8.3,2.314,569
2022-02-14T00:00:00.000Z,0.5,9,4.2,2.02,5.37,1.879,567
2022-02-15T00:00:00.000Z,0.5,7.5,2.1,1.53,3,1.473,577
2022-02-16T00:00:00.000Z,0,7.73,1.43,0.4,2.33,1.11,567
2022-02-17T00:00:00.000Z,0,3.7,0.8,0.4,1.2,0.549,568
2022-02-18T00:00:00.000Z,0,8,1.97,0.75,2.4,1.026,572
2022-02-19T00:00:00.000Z,0,2.83,0.7,0.3,1.07,0.504,562
2022-02-20T00:00:00.000Z,0,13.6,0.79,0.4,1.1,0.876,576
2022-02-21T00:00:00.000Z,0,2.7,0.4,0.3,0.6,0.247,561
2022-02-22T00:00:00.000Z,0.03,7,0.5,0.4,0.7,0.53,576
2022-02-23T00:00:00.000Z,0.2,6.53,2.19,1,2.7,0.995,578
2022-02-24T00:00:00.000Z,0.1,29.83,1.2,0.67,2.29,1.589,576
2022-02-25T00:00:00.000Z,0.13,9.47,1.57,1.1,1.89,0.653,572
2022-02-26T00:00:00.000Z,0.3,12.87,0.9,0.7,1.6,0.903,574
2022-02-27T00:00:00.000Z,0.3,20.37,1.9,1.5,2.77,1.63,574
2022-02-28T00:00:00.000Z,1.07,7.13,2.9,1.9,3.67,1.167,573
2022-03-01T00:00:00.000Z,2.93,29.5,7.1,6.17,8.52,3.13,581
2022-03-02T00:00:00.000Z,0.7,21.5,2.9,1.67,4,3.003,566
2022-03-03T00:00:00.000Z,0.1,5.77,0.7,0.5,1,0.715,566
2022-03-04T00:00:00.000Z,0,27.47,0.8,0.47,1.7,1.747,565
2022-03-05T00:00:00.000Z,0,11.23,1.4,1,2,0.914,574
2022-03-06T00:00:00.000Z,0.1,6.07,1.67,0.9,3.62,1.573,548
2022-03-07T00:00:00.000Z,0.3,11.43,1.69,1.07,3.2,1.459,576
2022-03-08T00:00:00.000Z,1.7,23.3,5.6,3.77,6.67,2.293,563
2022-03-09T00:00:00.000Z,1,13.93,5.43,4.2,7.85,2.47,564
2022-03-10T00:00:00.000Z,0.87,6.2,2.4,1.77,3.3,1.051,543
2022-03-11T00:00:00.000Z,1,11.5,3.2,1.8,4.87,1.699,570
2022-03-12T00:00:00.000Z,1.2,8.02,2.4,1.8,3.13,0.798,556
2022-03-13T00:00:00.000Z,1.4,6.37,3.17,2.6,3.8,0.968,547
2022-03-14T00:00:00.000Z,2.27,11.37,6.8,5.53,7.87,1.817,535
2022-03-15T00:00:00.000Z,6.23,33.03,12.97,8.86,22.5,6.823,568
2022-03-16T00:00:00.000Z,2.57,19.73,11.2,8.8,12.89,3.629,564
2022-03-17T00:00:00.000Z,0.87,37.4,12.3,5.44,15.59,8.222,564
2022-03-18T00:00:00.000Z,0.5,9.15,2.27,1.5,3.7,1.483,490
2022-03-19T00:00:00.000Z,0,43.7,1.57,1,2.6,2.519,451
2022-03-20T00:00:00.000Z,0.4,13.73,2,1.25,5.6,3.628,496
2022-03-21T00:00:00.000Z,4.87,15.63,8.63,7.53,9.33,1.375,522
2022-03-22T00:00:00.000Z,6.7,32.7,16.2,9.36,25.27,7.999,546
2022-03-23T00:00:00.000Z,4,34.17,12.34,9.73,21.17,6.64,542
2022-03-24T00:00:00.000Z,9.02,24.07,16,13.93,18.77,2.931,540
2022-03-25T00:00:00.000Z,1.12,34.33,4.98,2.97,22.7,10.269,526
2022-03-26T00:00:00.000Z,0,12.43,0.9,0.5,1.7,0.932,509
2022-03-27T00:00:00.000Z,0.27,5.77,1.2,0.97,1.87,0.84,504
2022-03-28T00:00:00.000Z,0.3,12.67,3.33,0.87,6.43,3.132,543
2022-03-29T00:00:00.000Z,0,5.87,0.5,0.3,0.8,0.562,548
2022-03-30T00:00:00.000Z,0.1,4.87,0.7,0.4,0.97,0.547,536
2022-03-31T00:00:00.000Z,0.03,9.19,0.7,0.47,1,0.808,559
2022-04-01T00:00:00.000Z,0.07,13.4,0.7,0.5,0.9,0.661,545
2022-04-02T00:00:00.000Z,0.07,19,1,0.5,1.4,1.118,493
2022-04-03T00:00:00.000Z,0,4.3,1.2,0.5,1.53,0.73,540
2022-04-04T00:00:00.000Z,0,4.07,0.5,0.2,0.97,0.536,576
2022-04-05T00:00:00.000Z,0,3.3,0.5,0.3,0.92,0.48,568
2022-04-06T00:00:00.000Z,0.1,4.8,1.23,0.5,2.17,1.114,572
2022-04-07T00:00:00.000Z,0,5.73,1.4,0.6,3.4,1.541,571
2022-04-08T00:00:00.000Z,0,4.59,0.5,0.3,0.7,0.369,571
2022-04-09T00:00:00.000Z,0.03,1.87,0.67,0.5,0.97,0.322,533
2022-04-10T00:00:00.000Z,0.1,5.6,0.9,0.65,1.23,0.508,568
2022-04-11T00:00:00.000Z,0,9.02,0.9,0.67,1.27,0.577,568
2022-04-12T00:00:00.000Z,0.3,10.27,1.17,0.8,1.57,0.807,578
2022-04-13T00:00:00.000Z,0.3,17.27,3.23,0.9,8.6,4.099,575
2022-04-14T00:00:00.000Z,2.43,31.67,8.83,6.33,20.37,7.54,579
2022-04-15T00:00:00.000Z,0.2,21.15,1.03,0.6,2.4,1.547,576
2022-04-16T00:00:00.000Z,0.2,5.87,1,0.62,2.42,1.109,577
2022-04-17T00:00:00.000Z,0.4,50.9,2.4,2,3.93,2.965,574
2022-04-18T00:00:00.000Z,1.88,16.6,4.38,3.7,5.09,1.525,572
2022-04-19T00:00:00.000Z,0.5,4.09,1.6,1.19,2.5,0.808,573
2022-04-20T00:00:00.000Z,0.5,4.34,0.98,0.8,1.12,0.307,572
2022-04-21T00:00:00.000Z,0.68,5.9,1.2,1,1.5,0.509,566
2022-04-22T00:00:00.000Z,0.47,8.13,1.08,0.93,1.2,0.512,513
2022-04-23T00:00:00.000Z,0.1,6.53,0.7,0.4,0.9,0.415,573
2022-04-24T00:00:00.000Z,0.1,4.53,0.7,0.4,0.9,0.371,580
2022-04-25T00:00:00.000Z,0.5,15.37,1.3,1.1,1.6,0.755,551
2022-04-26T00:00:00.000Z,0.3,5.5,0.7,0.5,1.5,1.28,562
2022-04-27T00:00:00.000Z,0.1,4.97,0.6,0.5,0.77,0.358,568
2022-04-28T00:00:00.000Z,0.1,9.52,1.1,0.5,2.67,1.305,562
2022-04-29T00:00:00.000Z,0.22,11.4,1.6,0.88,2.1,1.131,575
2022-04-30T00:00:00.000Z,0.1,4.97,0.5,0.4,0.8,0.413,572
2022-05-01T00:00:00.000Z,0.32,11.67,1,0.7,1.5,0.879,557
2022-05-02T00:00:00.000Z,0.27,9.97,3.4,1.73,4.8,1.936,536
2022-05-03T00:00:00.000Z,0.1,6.57,0.4,0.3,0.7,1.431,565
2022-05-04T00:00:00.000Z,0.2,9.4,1.53,0.9,2.08,0.799,579
2022-05-05T00:00:00.000Z,0.6,13.7,2.4,1.75,3.37,2.43,569
2022-05-06T00:00:00.000Z,0.5,8.6,3,2.2,5.17,1.761,572
2022-05-07T00:00:00.000Z,0.3,14.23,2,1.33,2.69,1.567,569
2022-05-08T00:00:00.000Z,0.27,6.47,0.7,0.52,1.5,0.859,384
2022-05-09T00:00:00.000Z,0.37,3.72,1.02,0.8,1.37,0.553,566
2022-05-10T00:00:00.000Z,0.7,12.48,4.2,1.9,5.7,2.183,559
2022-05-11T00:00:00.000Z,1.6,23.5,4.12,2.83,5.63,1.98,542
2022-05-12T00:00:00.000Z,0.38,4.3,1.53,1.23,2.08,0.705,542
2022-05-13T00:00:00.000Z,0.6,5.83,1.77,1.5,2.4,1.18,561
2022-05-14T00:00:00.000Z,0.37,6.17,2,1.42,2.6,1.204,565
2022-05-15T00:00:00.000Z,0.1,4.09,1.23,0.45,1.94,0.93,565
2022-05-16T00:00:00.000Z,0.1,9.1,0.6,0.4,2.6,2.113,553
2022-05-17T00:00:00.000Z,0.37,4.78,0.9,0.7,1,0.381,564
2022-05-18T00:00:00.000Z,0.47,4.95,1,0.8,1.52,0.525,566
2022-05-19T00:00:00.000Z,1.4,20.5,5.9,2.2,10.4,4.696,567
2022-05-20T00:00:00.000Z,0.55,16.13,2.4,1.7,3.2,1.446,558
2022-05-21T00:00:00.000Z,0.4,7.3,1.45,1,1.73,0.715,550
2022-05-22T00:00:00.000Z,0.9,6.6,2.02,1.6,2.4,0.67,558
2022-05-23T00:00:00.000Z,0.4,11.85,1.12,0.9,1.88,0.848,533
2022-05-24T00:00:00.000Z,0.68,10.85,2.29,1.63,2.8,1.146,485
2022-05-25T00:00:00.000Z,0.3,11.9,1.1,0.8,1.5,0.756,495
2022-05-26T00:00:00.000Z,0.2,3.73,1.5,0.98,2,0.681,472
2022-05-27T00:00:00.000Z,0,1.7,0.23,0.1,0.7,0.408,508
2022-05-28T00:00:00.000Z,0,0.8,0.2,0.1,0.3,0.132,534
2022-05-29T00:00:00.000Z,0,0.9,0.2,0.1,0.3,0.156,515
2022-05-30T00:00:00.000Z,0,1.08,0.23,0.2,0.4,0.203,486
2022-05-31T00:00:00.000Z,0.1,1.5,0.5,0.33,0.74,0.263,496
2022-06-01T00:00:00.000Z,0,1.2,0.5,0.3,0.6,0.218,506
2022-06-02T00:00:00.000Z,0,4.2,1.95,0.4,2.7,1.205,406
2022-06-03T00:00:00.000Z,0.2,5.57,1.5,1.06,2.13,1.314,453
2022-06-04T00:00:00.000Z,0.5,4.34,1.6,1,2.4,0.863,506
2022-06-05T00:00:00.000Z,0.08,3.3,1.3,0.6,1.8,0.731,539
2022-06-06T00:00:00.000Z,0,2.4,0.7,0.3,1,0.41,486
2022-06-07T00:00:00.000Z,0.3,2.5,0.82,0.63,1.17,0.406,558
2022-06-08T00:00:00.000Z,0.2,1.9,1.02,0.7,1.3,0.399,540
2022-06-09T00:00:00.000Z,0.3,2.4,0.9,0.7,1.12,0.375,532
2022-06-10T00:00:00.000Z,0.3,9.73,0.9,0.6,1.63,1.383,528
2022-06-11T00:00:00.000Z,0.2,3.03,1,0.6,1.6,0.641,517
2022-06-12T00:00:00.000Z,0.2,2.45,1.2,0.9,1.58,0.474,547
2022-06-13T00:00:00.000Z,0.07,3.1,1.3,1,1.95,0.618,532
2022-06-14T00:00:00.000Z,0.1,2.6,0.93,0.7,1.2,0.389,506
2022-06-15T00:00:00.000Z,0.1,3.65,0.68,0.4,0.9,0.392,503
2022-06-16T00:00:00.000Z,0.1,1.5,0.7,0.5,0.9,0.253,520
2022-06-17T00:00:00.000Z,0.15,6.2,1.14,0.9,1.7,1.222,471
2022-06-18T00:00:00.000Z,1.48,6.65,2.63,2.2,3.6,1.081,236
2022-06-20T00:00:00.000Z,0,0.75,0.4,0.2,0.47,0.163,139
2022-06-21T00:00:00.000Z,0.03,3.58,1.3,0.74,1.6,0.741,484
2022-06-22T00:00:00.000Z,0.2,2.38,0.8,0.55,1.1,0.43,445
2022-06-23T00:00:00.000Z,0.2,2.6,1.2,1,1.5,0.363,455
2022-06-24T00:00:00.000Z,0.08,1.9,0.93,0.6,1.17,0.379,540
2022-06-25T00:00:00.000Z,0.4,3.38,1.44,1.1,1.9,0.532,530
2022-06-26T00:00:00.000Z,0.4,5.09,1.88,1.4,2.5,0.913,537
2022-06-27T00:00:00.000Z,0,6.2,2.5,1.1,3.25,1.333,534
2022-06-28T00:00:00.000Z,0.17,2.78,0.8,0.5,1.2,0.468,547
2022-06-29T00:00:00.000Z,0,1.5,0.3,0.2,0.59,0.262,548
2022-06-30T00:00:00.000Z,0,1.42,0.5,0.24,0.63,0.256,553
2022-07-01T00:00:00.000Z,0,3.6,0.9,0.56,1.59,0.817,529
2022-07-02T00:00:00.000Z,0,2.83,0.5,0.3,0.7,0.318,534
2022-07-03T00:00:00.000Z,0,1.7,0.5,0.2,0.7,0.311,529
2022-07-04T00:00:00.000Z,0,1.8,0.28,0.17,0.4,0.231,517
2022-07-05T00:00:00.000Z,0.1,1.2,0.5,0.38,0.6,0.193,480
2022-07-06T00:00:00.000Z,0,1.02,0.2,0.1,0.32,0.191,522
2022-07-07T00:00:00.000Z,0,1.2,0.17,0.1,0.25,0.181,358
2022-07-08T00:00:00.000Z,0,2.65,0.3,0.2,0.6,0.534,515
2022-07-09T00:00:00.000Z,0,1.9,0.5,0.3,0.7,0.277,515
2022-07-10T00:00:00.000Z,0,7.47,0.1,0,0.17,0.498,524
2022-07-11T00:00:00.000Z,0,0.43,0.1,0,0.2,0.108,527
2022-07-12T00:00:00.000Z,0,2.2,0.2,0.1,0.5,0.339,531
2022-07-13T00:00:00.000Z,0.3,3.15,1.4,1.12,1.67,0.429,512
2022-07-14T00:00:00.000Z,0,1.65,0.7,0.5,0.9,0.299,554
2022-07-15T00:00:00.000Z,0,1.2,0.28,0.13,0.47,0.239,507
2022-07-16T00:00:00.000Z,0,0.82,0.2,0.1,0.3,0.143,559
2022-07-17T00:00:00.000Z,0,1.9,0.6,0.3,1.05,0.464,563
2022-07-18T00:00:00.000Z,0.4,3.9,1.3,1,1.8,0.644,558
2022-07-19T00:00:00.000Z,0.08,2.75,1.29,0.7,1.83,0.656,562
2022-07-20T00:00:00.000Z,0.3,5.09,1.6,1.2,2.5,0.948,564
2022-07-21T00:00:00.000Z,0.88,12.05,2.45,1.9,3.28,1.075,564
2022-07-22T00:00:00.000Z,0.3,5.28,1.02,0.77,1.42,0.76,569
2022-07-23T00:00:00.000Z,0,3.08,0.32,0.2,0.5,0.423,527
2022-07-24T00:00:00.000Z,0.15,2.29,0.9,0.6,1.23,0.465,534
2022-07-25T00:00:00.000Z,0.2,3.25,1,0.7,1.7,0.668,545
2022-07-26T00:00:00.000Z,0.2,1.67,0.7,0.5,0.82,0.259,553
2022-07-27T00:00:00.000Z,0,1.75,0.2,0.1,0.28,0.207,559
2022-07-28T00:00:00.000Z,0,5.07,0.4,0.2,0.73,0.507,538
2022-07-29T00:00:00.000Z,0,6.97,0.3,0.2,0.5,0.634,548
2022-07-30T00:00:00.000Z,0.1,1.8,0.4,0.3,0.5,0.188,553
2022-07-31T00:00:00.000Z,0,3.6,0.3,0.2,0.4,0.45,582
2022-08-01T00:00:00.000Z,0.1,2.42,0.56,0.4,0.75,0.267,523
2022-08-02T00:00:00.000Z,0,2.65,0.47,0.3,0.6,0.364,542
2022-08-03T00:00:00.000Z,0.1,3.05,1.38,0.63,1.8,0.671,572
2022-08-04T00:00:00.000Z,0.1,1.77,0.6,0.4,0.93,0.366,532
2022-08-05T00:00:00.000Z,0,1.05,0.3,0.2,0.4,0.156,568
2022-08-06T00:00:00.000Z,0.1,2.58,0.52,0.3,0.9,0.451,565
2022-08-07T00:00:00.000Z,0,6.1,1.3,0.45,2.22,1.409,543
2022-08-08T00:00:00.000Z,0,2.2,0.3,0.2,0.47,0.218,561
2022-08-09T00:00:00.000Z,0,5.8,0.4,0.2,0.6,0.439,570
2022-08-10T00:00:00.000Z,0.1,4.53,0.55,0.4,1.02,0.46,554
2022-08-11T00:00:00.000Z,0.1,1.3,0.4,0.3,0.6,0.208,519
2022-08-12T00:00:00.000Z,0.1,1.98,0.5,0.35,0.7,0.259,567
2022-08-13T00:00:00.000Z,0.05,1.6,0.63,0.3,1,0.39,579
2022-08-14T00:00:00.000Z,0.1,1.9,0.6,0.3,0.92,0.382,564
2022-08-15T00:00:00.000Z,0.2,5.78,1.83,1.05,2.8,1.224,553
2022-08-16T00:00:00.000Z,0.8,7,3.3,1.9,4.09,1.346,579
2022-08-17T00:00:00.000Z,0.4,5.22,1.8,1.1,3,1.077,529
2022-08-18T00:00:00.000Z,0.1,8.85,1.4,0.65,2.38,1.23,552
2022-08-19T00:00:00.000Z,0.3,3.9,1.14,0.7,2.02,0.818,578
2022-08-20T00:00:00.000Z,0,5.68,0.4,0.28,0.56,0.446,553
2022-08-21T00:00:00.000Z,0,1.4,0.45,0.2,0.7,0.285,571
2022-08-22T00:00:00.000Z,0,5.03,0.2,0.1,0.3,0.41,509
2022-08-23T00:00:00.000Z,0,0.8,0.2,0.1,0.32,0.161,561
2022-08-24T00:00:00.000Z,0.1,1.77,0.43,0.3,0.6,0.215,548
2022-08-25T00:00:00.000Z,0.1,1.25,0.5,0.35,0.7,0.242,544
2022-08-26T00:00:00.000Z,0.1,7.15,0.6,0.4,0.8,0.532,566
2022-08-27T00:00:00.000Z,0.1,2.2,0.63,0.4,0.98,0.392,572
2022-08-28T00:00:00.000Z,0.1,4.97,0.52,0.4,1.23,0.842,558
2022-08-29T00:00:00.000Z,0,1,0.3,0.13,0.4,0.168,562
2022-08-30T00:00:00.000Z,0,0.8,0.17,0.1,0.3,0.136,569
2022-08-31T00:00:00.000Z,0,2.38,0.2,0.1,0.3,0.282,559
2022-09-01T00:00:00.000Z,0,3.17,0.2,0.03,0.32,0.303,560
2022-09-02T00:00:00.000Z,0,0.56,0.1,0.1,0.2,0.092,549
2022-09-03T00:00:00.000Z,0,1.14,0.2,0.1,0.2,0.14,540
2022-09-04T00:00:00.000Z,0,1.8,0.13,0.1,0.2,0.233,478
2022-09-05T00:00:00.000Z,0,16.32,0.2,0.15,0.3,0.814,496
2022-09-06T00:00:00.000Z,0,0.6,0.2,0.1,0.23,0.096,566
2022-09-07T00:00:00.000Z,0,0.77,0.1,0,0.2,0.125,555
2022-09-08T00:00:00.000Z,0,1.1,0.15,0.1,0.2,0.131,496
2022-09-09T00:00:00.000Z,0.1,1.38,0.53,0.4,0.7,0.214,569
2022-09-10T00:00:00.000Z,0,1.1,0.4,0.2,0.5,0.19,559
2022-09-11T00:00:00.000Z,0,2,0.43,0.28,0.7,0.343,569
2022-09-12T00:00:00.000Z,0,1.95,0.9,0.6,1.1,0.419,519
2022-09-13T00:00:00.000Z,0,2.47,0.73,0.4,1.4,0.606,559
2022-09-14T00:00:00.000Z,0,1.1,0.45,0.3,0.6,0.213,563
2022-09-15T00:00:00.000Z,0,0.6,0.1,0.1,0.2,0.115,561
2022-09-16T00:00:00.000Z,0,0.56,0.1,0,0.1,0.089,563
2022-09-17T00:00:00.000Z,0,0.4,0,0,0.1,0.082,549
2022-09-18T00:00:00.000Z,0,1.23,0.1,0,0.13,0.14,558
2022-09-19T00:00:00.000Z,0,0.6,0.1,0,0.2,0.1,557
2022-09-20T00:00:00.000Z,0,0.53,0.1,0,0.1,0.079,530
2022-09-21T00:00:00.000Z,0,0.6,0.1,0.07,0.2,0.113,554
2022-09-22T00:00:00.000Z,0,2.58,0.2,0.17,0.33,0.239,558
2022-09-23T00:00:00.000Z,0,5.03,0.4,0.3,0.6,0.432,566
2022-09-24T00:00:00.000Z,0.07,1.7,0.6,0.34,0.87,0.334,569
2022-09-25T00:00:00.000Z,0,3.6,0.5,0.2,0.98,0.619,538
2022-09-26T00:00:00.000Z,0.1,1.8,0.7,0.5,0.97,0.338,443
2022-09-27T00:00:00.000Z,0.4,14.13,0.9,0.7,1.2,1.081,555
2022-09-28T00:00:00.000Z,0.4,5.77,2.34,0.9,3.59,1.482,556
2022-09-29T00:00:00.000Z,0,1.97,0.9,0.4,1.2,0.467,545
2022-09-30T00:00:00.000Z,0,2.6,0.43,0.23,0.6,0.342,556
2022-10-01T00:00:00.000Z,0.17,5.47,0.93,0.6,2.37,1.102,558
2022-10-02T00:00:00.000Z,0,3.33,0.6,0.3,0.8,0.438,464
2022-10-03T00:00:00.000Z,0,1,0.1,0.1,0.3,0.153,451
2022-10-04T00:00:00.000Z,0,3.33,0.8,0.3,1.52,0.76,478
2022-10-05T00:00:00.000Z,0.1,5.6,2.38,2,2.72,0.626,509
2022-10-06T00:00:00.000Z,0.1,3.53,1.76,0.9,2.27,0.791,562
2022-10-07T00:00:00.000Z,0.43,3.7,2.4,2.1,2.65,0.51,560
2022-10-08T00:00:00.000Z,0,2.1,0.5,0.3,0.7,0.339,520
2022-10-09T00:00:00.000Z,0,2.37,0.3,0.1,0.5,0.26,571
2022-10-10T00:00:00.000Z,0.1,3,1.1,0.7,1.4,0.46,569
2022-10-11T00:00:00.000Z,0,2.4,0.77,0.4,1.07,0.472,557
2022-10-12T00:00:00.000Z,0,3.5,0.47,0.2,0.7,0.376,560
2022-10-13T00:00:00.000Z,0,3.17,1.1,0.8,1.4,0.453,560
2022-10-14T00:00:00.000Z,0,4,0.4,0.23,1,0.823,555
2022-10-15T00:00:00.000Z,0.3,10.9,2.9,1.3,4.88,2.081,565
2022-10-16T00:00:00.000Z,0,2.63,1.1,0.7,1.4,0.518,441
2022-10-17T00:00:00.000Z,0,5.4,0.8,0.4,1.87,1.327,563
2022-10-18T00:00:00.000Z,0.2,17.82,1.4,1,1.7,1.186,395
2022-10-21T00:00:00.000Z,0.1,3.1,0.97,0.5,1.3,0.504,553
2022-10-22T00:00:00.000Z,0,2.4,0.33,0.2,0.55,0.351,569
2022-10-23T00:00:00.000Z,0.1,3.42,1,0.7,1.47,0.639,556
2022-10-24T00:00:00.000Z,0.7,3.92,1.4,1.14,1.87,0.638,542
2022-10-25T00:00:00.000Z,0.4,3.77,1.63,1.1,2.27,0.702,548
2022-10-26T00:00:00.000Z,0.03,6.9,0.56,0.3,1.1,1.584,551
2022-10-27T00:00:00.000Z,0.2,5.8,1.74,1.33,2.38,1.039,554
2022-10-28T00:00:00.000Z,0.2,12.02,2.54,1.58,4.67,2.427,541
2022-10-29T00:00:00.000Z,0.5,9.18,1.88,1.52,2.35,1.056,517
2022-10-30T00:00:00.000Z,0,7.28,0.6,0.3,1.35,1.062,565
2022-10-31T00:00:00.000Z,0.1,6.82,1.48,0.9,2.39,1.075,565
2022-11-01T00:00:00.000Z,0.1,7.2,1.6,0.97,2.2,1.297,556
2022-11-02T00:00:00.000Z,0.1,2.23,0.9,0.5,1.4,0.525,562
2022-11-03T00:00:00.000Z,0,5.8,1.43,1.2,1.7,0.5,562
2022-11-04T00:00:00.000Z,0.33,10.6,3.2,1.67,4.7,2.041,549
2022-11-05T00:00:00.000Z,0,1.6,0.6,0.5,0.73,0.216,550
2022-11-06T00:00:00.000Z,0.3,4.63,1.5,0.8,2.06,0.899,549
2022-11-07T00:00:00.000Z,0.23,3.03,1.3,0.9,1.7,0.578,559
2022-11-08T00:00:00.000Z,0.1,3.6,1.5,1.17,1.9,0.639,550
2022-11-09T00:00:00.000Z,0.6,2.43,1.4,1.2,1.63,0.315,554
2022-11-10T00:00:00.000Z,0.2,3.43,1.27,0.8,1.73,0.656,550
2022-11-11T00:00:00.000Z,1.3,4.4,2.33,2.06,2.7,0.522,553
2022-11-12T00:00:00.000Z,0,3.67,1.8,0.72,2.38,0.924,560
2022-11-13T00:00:00.000Z,0,1.8,0.4,0.23,0.6,0.287,570
2022-11-14T00:00:00.000Z,0,2.8,0.7,0.1,1.53,0.811,554
2022-11-15T00:00:00.000Z,0,3.8,1.6,0.3,2.57,1.154,559
2022-11-16T00:00:00.000Z,0,1.47,0.2,0.1,0.3,0.168,561
2022-11-17T00:00:00.000Z,0,1.23,0.2,0.2,0.3,0.121,561
2022-11-18T00:00:00.000Z,0,2.1,0.4,0.3,0.62,0.278,564
2022-11-19T00:00:00.000Z,0.1,1.5,0.43,0.4,0.6,0.159,559
2022-11-20T00:00:00.000Z,0.1,3.3,0.8,0.6,1,0.353,565
2022-11-21T00:00:00.000Z,0.1,4,0.6,0.3,0.9,0.446,560
2022-11-22T00:00:00.000Z,0.1,8.43,1.9,1,4.37,2.117,561
2022-11-23T00:00:00.000Z,1.1,8.83,3.67,2.5,4.57,1.462,561
2022-11-24T00:00:00.000Z,2.9,7.03,5,4.4,5.5,0.761,564
2022-11-25T00:00:00.000Z,1.2,6.9,2.4,1.9,3.57,1.342,554
2022-11-26T00:00:00.000Z,1,5.09,2.17,1.8,2.77,0.767,557
2022-11-27T00:00:00.000Z,0.53,4.3,1.5,1.1,2,0.721,570
2022-11-28T00:00:00.000Z,0.33,3.2,1.8,1.2,2.29,0.711,561
2022-11-29T00:00:00.000Z,0.1,2,0.8,0.56,1.1,0.361,547
2022-11-30T00:00:00.000Z,0.4,3.03,1.4,1.1,1.67,0.393,424
2023-01-22T00:00:00.000Z,0.5,3.4,1.59,1.3,1.9,0.502,182
2023-01-23T00:00:00.000Z,0.3,2.73,0.9,0.73,1.2,0.404,485
2023-01-24T00:00:00.000Z,0.93,5.77,2.8,2.13,3.65,0.955,556
2023-01-25T00:00:00.000Z,0.56,9.1,5,3.5,6.53,1.937,527
2023-01-26T00:00:00.000Z,0,7.9,0.4,0.23,0.6,0.59,560
2023-01-27T00:00:00.000Z,0.1,1.6,0.6,0.37,0.8,0.305,447
2023-01-28T00:00:00.000Z,0.3,2.1,0.83,0.7,1.03,0.289,559
2023-01-29T00:00:00.000Z,0.2,3.37,1.33,1,1.73,0.578,550
2023-01-30T00:00:00.000Z,0.2,4.76,1.03,0.73,2.13,1.026,554
2023-01-31T00:00:00.000Z,0,2.63,0.52,0.3,1.55,0.683,528
2023-02-01T00:00:00.000Z,0,4.9,1.73,0.6,2.5,1.115,561
2023-02-02T00:00:00.000Z,0.03,1.3,0.3,0.23,0.47,0.205,554
2023-02-03T00:00:00.000Z,0,2.1,0.5,0.2,1.17,0.512,410
2023-02-04T00:00:00.000Z,0.1,1.8,0.4,0.3,0.8,0.381,574
2023-02-05T00:00:00.000Z,0.1,3.3,0.67,0.5,0.82,0.416,528
2023-02-06T00:00:00.000Z,0.2,3.33,1.2,0.8,1.6,0.612,472
2023-02-07T00:00:00.000Z,0.56,4.2,1.6,1.27,2.02,0.643,490
2023-02-08T00:00:00.000Z,0.53,18.82,4.7,1.89,7.82,4.334,440
2023-02-09T00:00:00.000Z,0.97,8.69,5.27,2.57,6.33,1.975,487
2023-02-10T00:00:00.000Z,0.2,9.77,1.03,0.73,1.5,0.925,517
2023-02-11T00:00:00.000Z,0.1,4,1.47,0.5,1.93,0.927,309
2023-02-12T00:00:00.000Z,0.2,3.47,1,0.6,1.33,0.492,554
2023-02-13T00:00:00.000Z,0.3,2.9,1.27,0.7,1.7,0.579,421
2023-02-14T00:00:00.000Z,0.3,5.67,1.77,1.1,2.29,0.858,451
2023-02-15T00:00:00.000Z,1,9.33,5.03,3.29,6.12,1.843,393
2023-02-16T00:00:00.000Z,0.9,22.3,10.27,4.69,13.73,5.292,453
2023-02-17T00:00:00.000Z,0.1,11.03,2.29,1.7,3.17,1.716,402
2023-02-18T00:00:00.000Z,0.1,2.29,0.8,0.43,1.17,0.452,516
2023-02-19T00:00:00.000Z,0,1.4,0.2,0.1,0.3,0.163,265
2023-03-07T00:00:00.000Z,0,0.8,0.3,0.2,0.47,0.18,106
2023-03-08T00:00:00.000Z,0,8.86,0.3,0.1,0.43,0.768,555
2023-03-09T00:00:00.000Z,0,3.57,0.6,0.37,1.1,0.53,462
2023-03-10T00:00:00.000Z,0.1,3.57,1.5,0.7,2.13,0.847,538
2023-03-11T00:00:00.000Z,0.1,4.09,0.4,0.3,0.6,0.455,484
2023-03-12T00:00:00.000Z,0.1,1.4,0.3,0.2,0.4,0.152,537
2023-03-13T00:00:00.000Z,0,7.8,0.9,0.3,2.4,1.274,525
2023-03-14T00:00:00.000Z,0,2.63,0.6,0.4,1,0.45,396
2023-03-15T00:00:00.000Z,0,5.37,0.5,0.3,0.7,0.396,564
2023-03-16T00:00:00.000Z,0,1.9,0.4,0.2,0.5,0.267,572
2023-03-17T00:00:00.000Z,0.33,5.09,2.43,1.1,3.5,1.281,566
2023-03-18T00:00:00.000Z,0.1,5.23,2.4,1.82,2.9,0.978,460
2023-03-19T00:00:00.000Z,0.1,18.93,1,0.59,4.73,3.704,537
2023-03-20T00:00:00.000Z,0.17,14.23,1.5,0.89,2.4,2.646,509
2023-03-21T00:00:00.000Z,0.1,4.09,0.8,0.5,1.4,0.831,532
2023-03-22T00:00:00.000Z,0.4,19.03,4.33,2.1,5.63,2.757,524
2023-03-23T00:00:00.000Z,0.1,7.83,1.2,0.8,2,0.988,536
2023-03-24T00:00:00.000Z,0,4.2,1.6,1.03,2.2,0.794,507
2023-03-25T00:00:00.000Z,0,3.53,1.73,0.4,2.27,0.962,519
2023-03-26T00:00:00.000Z,0.1,1.37,0.5,0.4,0.63,0.186,463
2023-03-27T00:00:00.000Z,0.03,5.8,0.3,0.2,0.5,0.416,483
2023-03-28T00:00:00.000Z,0,1,0.37,0.27,0.5,0.178,527
2023-03-29T00:00:00.000Z,0.3,6.3,1.4,0.7,2.49,1.277,436
2023-03-30T00:00:00.000Z,0,8.36,0.3,0.2,0.5,0.627,511
2023-03-31T00:00:00.000Z,0,2.7,0.3,0.1,1,0.492,501
2023-04-01T00:00:00.000Z,0,1.8,0.4,0.3,0.6,0.23,433
2023-04-02T00:00:00.000Z,0,1.6,0.3,0.2,0.43,0.237,494
2023-04-03T00:00:00.000Z,0,1.8,0.23,0.1,0.4,0.206,517
2023-04-04T00:00:00.000Z,0,1.48,0.3,0.2,0.4,0.244,543
2023-04-05T00:00:00.000Z,0,1.8,0.3,0.2,0.4,0.212,545
2023-04-06T00:00:00.000Z,0.1,4.17,0.5,0.3,0.8,0.621,568
2023-04-07T00:00:00.000Z,0.2,6.93,0.5,0.4,0.7,0.405,558
2023-04-08T00:00:00.000Z,0.3,7.75,1,0.7,1.6,0.753,579
2023-04-09T00:00:00.000Z,0.1,1.8,0.45,0.3,0.62,0.271,565
2023-04-10T00:00:00.000Z,0.1,3.27,0.93,0.6,1.2,0.562,483
2023-04-11T00:00:00.000Z,0,5.4,1.93,0.3,2.9,1.394,571
2023-04-12T00:00:00.000Z,0,7.15,0.5,0.38,0.7,0.479,574
2023-04-13T00:00:00.000Z,0.1,6,1.8,1,2.7,1.174,582
2023-04-14T00:00:00.000Z,0.8,6.1,3.05,2.5,3.63,0.932,577
2023-04-15T00:00:00.000Z,0.5,5.7,2.67,2,3.43,0.984,581
2023-04-16T00:00:00.000Z,0.27,3.33,1.6,1.17,2,0.602,581
2023-04-17T00:00:00.000Z,0.1,3.03,1.3,0.9,1.6,0.54,576
2023-04-18T00:00:00.000Z,0,2.23,0.4,0.3,0.66,0.428,580
2023-04-19T00:00:00.000Z,0,0.93,0.3,0.2,0.4,0.132,492
2023-04-20T00:00:00.000Z,0,1.12,0.5,0.3,0.68,0.228,584
2023-04-21T00:00:00.000Z,0.1,2.95,0.7,0.3,1.3,0.706,519
2023-04-22T00:00:00.000Z,0.1,3.47,1.1,0.6,1.7,0.691,513
2023-04-23T00:00:00.000Z,0.1,8.3,1.3,0.93,2.27,1.4,374
2023-04-24T00:00:00.000Z,0.4,5,2.45,1.85,3.2,0.978,575
2023-04-25T00:00:00.000Z,0,5.33,0.37,0.2,1.27,1.096,582
2023-04-26T00:00:00.000Z,0,1.57,0.33,0.2,0.6,0.361,575
2023-04-27T00:00:00.000Z,0.1,2,0.43,0.3,0.7,0.365,583
2023-04-28T00:00:00.000Z,0,2,0.3,0.2,0.4,0.213,396
2023-04-29T00:00:00.000Z,0.1,3.67,0.77,0.4,1,0.562,576
2023-04-30T00:00:00.000Z,0.3,1.8,0.7,0.6,1,0.302,419
2023-05-01T00:00:00.000Z,0.1,4.47,1.52,0.4,2.77,1.242,574
2023-05-02T00:00:00.000Z,0.1,2.2,0.4,0.3,0.6,0.323,568
2023-05-03T00:00:00.000Z,0,0.9,0.17,0.1,0.2,0.129,414
2023-05-04T00:00:00.000Z,0,1.1,0.3,0.27,0.4,0.132,575
2023-05-05T00:00:00.000Z,0.1,1.12,0.5,0.4,0.6,0.154,414
2023-05-06T00:00:00.000Z,0.13,1.4,0.53,0.45,0.65,0.194,575
2023-05-07T00:00:00.000Z,0.1,1.8,0.5,0.3,0.7,0.285,448
2023-05-08T00:00:00.000Z,0.2,2.95,0.9,0.6,1.25,0.414,570
2023-05-09T00:00:00.000Z,0.35,2.9,1.3,1.1,1.5,0.375,578
2023-05-10T00:00:00.000Z,0.63,42.4,1.6,1.3,1.92,2.842,573
2023-05-11T00:00:00.000Z,0.56,3.2,1.3,1,1.8,0.554,573
2023-05-12T00:00:00.000Z,0.4,2.45,1.1,0.8,1.4,0.428,579
2023-05-13T00:00:00.000Z,0.3,2.25,1.23,0.8,1.6,0.484,577
2023-05-14T00:00:00.000Z,0.3,2.63,1.33,1,1.6,0.448,573
2023-05-15T00:00:00.000Z,0.2,3.1,1.5,0.89,1.9,0.674,573
2023-05-16T00:00:00.000Z,0.5,6.97,2.47,1.45,3.3,1.223,466
2023-05-17T00:00:00.000Z,0,1.77,0.27,0.2,0.47,0.259,563
2023-05-18T00:00:00.000Z,0.1,1.87,0.5,0.3,0.8,0.353,575
2023-05-19T00:00:00.000Z,0.1,2.75,0.85,0.37,1.1,0.508,563
2023-05-20T00:00:00.000Z,0.3,4,1.6,1.13,2.5,0.829,581
2023-05-21T00:00:00.000Z,0.3,2.8,1.25,0.9,1.5,0.414,575
2023-05-22T00:00:00.000Z,0.3,2.67,1.27,0.8,1.7,0.507,539
2023-05-23T00:00:00.000Z,0.2,1.7,0.7,0.5,0.95,0.292,559
2023-05-24T00:00:00.000Z,0.2,5,1.38,0.9,2.2,0.921,572
2023-05-25T00:00:00.000Z,0.4,4.63,1.3,0.9,1.64,0.564,525
2023-05-26T00:00:00.000Z,0.2,2.63,0.6,0.4,0.9,0.472,427
2023-05-27T00:00:00.000Z,0.2,3.3,1.2,0.8,2,0.711,452
2023-05-28T00:00:00.000Z,0.22,2.93,1.4,1.2,1.7,0.413,488
2023-05-29T00:00:00.000Z,0,1.33,0.5,0.28,0.65,0.252,500
2023-05-30T00:00:00.000Z,0,1.6,0.35,0.2,0.5,0.254,573
2023-05-31T00:00:00.000Z,0,3,0.8,0.5,1.23,0.719,349
2023-06-01T00:00:00.000Z,0,1.7,0.32,0.2,0.47,0.244,568
2023-06-02T00:00:00.000Z,0,2.17,0.1,0.1,0.2,0.129,572
2023-06-03T00:00:00.000Z,0,2.85,0.3,0.13,0.45,0.257,466
2023-06-04T00:00:00.000Z,0,2.15,0.5,0.2,1.1,0.556,572
2023-06-05T00:00:00.000Z,0,4.63,1.4,0.7,2,0.936,576
2023-06-06T00:00:00.000Z,0.4,2.7,1.52,1.2,1.9,0.508,368
2023-06-07T00:00:00.000Z,0.3,4.25,1.67,0.85,2.7,1.006,576
2023-06-08T00:00:00.000Z,0.5,7.93,2.27,1.12,4.15,1.789,443
2023-06-09T00:00:00.000Z,0.25,7.55,0.93,0.7,1.2,0.869,569
2023-06-10T00:00:00.000Z,0,1.42,0.4,0.2,0.6,0.261,577
2023-06-11T00:00:00.000Z,0.1,1.23,0.5,0.3,0.7,0.242,575
2023-06-12T00:00:00.000Z,0.2,1.4,0.65,0.5,0.8,0.232,577
2023-06-13T00:00:00.000Z,0.1,2.67,1.1,0.73,1.33,0.444,572
2023-06-14T00:00:00.000Z,0.13,3.47,1.6,0.7,2.17,0.805,569
2023-06-15T00:00:00.000Z,0.3,3.95,1.4,0.87,2.52,0.939,572
2023-06-16T00:00:00.000Z,0.4,3.47,1.6,0.93,2.15,0.7,580
2023-06-17T00:00:00.000Z,0.1,5.2,2.44,1,3.22,1.237,570
2023-06-18T00:00:00.000Z,0.3,6.18,2.17,1.32,3.07,1.136,573
2023-06-19T00:00:00.000Z,0.7,4,1.57,1.19,2.23,0.823,176
2023-07-05T00:00:00.000Z,0.2,7.4,1.3,1,1.63,0.714,378
2023-07-06T00:00:00.000Z,0.2,2,0.8,0.68,1.1,0.335,293
2023-07-07T00:00:00.000Z,0.2,2.04,0.9,0.7,1.09,0.282,565
2023-07-08T00:00:00.000Z,0.1,6.82,0.85,0.5,1.4,0.676,358
2023-07-09T00:00:00.000Z,0.1,2.97,0.5,0.4,1,0.469,376
2023-07-10T00:00:00.000Z,0.1,2.25,1.04,0.7,1.3,0.409,362
2023-07-11T00:00:00.000Z,0.3,2.1,0.95,0.7,1.2,0.356,571
2023-07-12T00:00:00.000Z,0.1,2.5,0.77,0.5,1.12,0.454,578
2023-07-13T00:00:00.000Z,0.2,2.38,0.9,0.7,1.1,0.342,574
2023-07-14T00:00:00.000Z,0.1,1.9,0.88,0.4,1.1,0.388,567
2023-07-15T00:00:00.000Z,0.2,5.03,1.65,0.82,2.2,0.848,582
2023-07-16T00:00:00.000Z,0.5,5.6,1.63,1.2,2.4,0.78,577
2023-07-17T00:00:00.000Z,0.2,3.75,1.6,0.81,2.04,0.676,381
2023-07-18T00:00:00.000Z,0.2,2.04,0.8,0.6,1,0.294,579
2023-07-19T00:00:00.000Z,0.28,2.08,0.73,0.6,0.9,0.321,469
2023-07-20T00:00:00.000Z,0.17,1.52,0.7,0.4,1,0.321,566
2023-07-21T00:00:00.000Z,0.08,3.03,0.5,0.3,0.8,0.344,580
2023-07-22T00:00:00.000Z,0.03,1.7,0.38,0.3,0.47,0.209,582
2023-07-23T00:00:00.000Z,0.1,1.65,0.5,0.4,0.98,0.371,580
2023-07-24T00:00:00.000Z,0,4.05,0.5,0.38,0.9,0.592,582
2023-07-25T00:00:00.000Z,0.1,3.17,0.9,0.6,1.55,0.604,581
2023-07-26T00:00:00.000Z,0.2,3.4,0.6,0.5,0.77,0.333,581
2023-07-27T00:00:00.000Z,0.08,1.5,0.4,0.2,0.8,0.334,583
2023-07-28T00:00:00.000Z,0,1.1,0.5,0.3,0.7,0.255,582
2023-07-29T00:00:00.000Z,0.17,1.92,0.55,0.4,0.85,0.39,583
2023-07-30T00:00:00.000Z,0,3.38,0.7,0.3,1.27,0.609,583
2023-07-31T00:00:00.000Z,0.05,0.6,0.3,0.3,0.4,0.084,98
2023-08-14T00:00:00.000Z,0.1,1.83,0.55,0.4,0.8,0.327,284
2023-08-15T00:00:00.000Z,0.2,3.47,1.4,0.8,1.9,0.714,581
2023-08-16T00:00:00.000Z,0.1,1.75,0.6,0.3,0.8,0.308,581
2023-08-17T00:00:00.000Z,0,1.5,0.3,0.2,0.47,0.21,582
2023-08-18T00:00:00.000Z,0.1,4.45,0.73,0.5,1.05,0.559,583
2023-08-19T00:00:00.000Z,0.8,3.4,2.02,1.5,2.45,0.56,583
2023-08-20T00:00:00.000Z,0.4,3.9,1.12,0.9,1.79,0.641,525
2023-08-21T00:00:00.000Z,0.15,4.57,0.7,0.4,1.08,0.474,564
2023-08-22T00:00:00.000Z,0.1,2.85,0.7,0.4,1.17,0.497,577
2023-08-23T00:00:00.000Z,0.1,2.1,0.62,0.4,1,0.405,584
2023-08-24T00:00:00.000Z,0,1.98,0.5,0.3,0.65,0.268,581
2023-08-25T00:00:00.000Z,0,2.1,0.52,0.3,0.8,0.402,578
2023-08-26T00:00:00.000Z,0,2.5,0.5,0.3,0.73,0.358,581
2023-08-27T00:00:00.000Z,0.1,1.2,0.4,0.3,0.5,0.18,564
2023-08-28T00:00:00.000Z,0,0.9,0.4,0.28,0.5,0.17,576
2023-08-29T00:00:00.000Z,0,7.5,0.3,0.2,0.5,0.556,580
2023-08-30T00:00:00.000Z,0,1.48,0.35,0.2,0.67,0.288,545
2023-08-31T00:00:00.000Z,0,1.92,0.3,0.2,0.4,0.209,576
2023-09-01T00:00:00.000Z,0,2.75,0.5,0.1,1.1,0.556,370
2023-09-04T00:00:00.000Z,0.4,2.02,0.8,0.7,1.1,0.332,180
2023-09-05T00:00:00.000Z,0.4,8.9,1.65,1,4.18,1.916,575
2023-09-06T00:00:00.000Z,0.2,2.35,0.85,0.6,1.1,0.369,575
2023-09-07T00:00:00.000Z,0.17,2.75,1.27,0.8,1.7,0.576,583
2023-09-08T00:00:00.000Z,0.25,4.09,1.5,1.05,1.9,0.602,570
2023-09-09T00:00:00.000Z,0.45,6.03,3.08,2.25,3.9,1.201,572
2023-09-10T00:00:00.000Z,0.47,14.45,1.92,1,4.59,2.526,571
2023-09-11T00:00:00.000Z,1.3,11.75,3.16,2.4,4.15,1.332,576
2023-09-12T00:00:00.000Z,0.1,10.32,0.8,0.4,2.45,1.552,577
2023-09-13T00:00:00.000Z,0,2.9,0.35,0.2,0.65,0.523,559
2023-09-14T00:00:00.000Z,0,2.29,0.3,0.17,0.5,0.356,579
2023-09-15T00:00:00.000Z,0.1,2.29,0.5,0.33,0.73,0.304,558
2023-09-16T00:00:00.000Z,0.1,2.29,0.5,0.32,0.97,0.462,580
2023-09-17T00:00:00.000Z,0.1,2.65,1.4,1,1.7,0.57,569
2023-09-18T00:00:00.000Z,1.14,6.1,2.97,1.8,4.28,1.374,568
2023-09-19T00:00:00.000Z,0,6.1,1,0.7,1.74,1.203,568
2023-09-20T00:00:00.000Z,0,3.35,1.7,0.38,2.15,0.909,548
2023-09-21T00:00:00.000Z,0.6,2.9,1.45,1.27,1.65,0.32,575
2023-09-22T00:00:00.000Z,0,2.13,0.4,0.2,0.7,0.413,573
2023-09-23T00:00:00.000Z,0,0.82,0.2,0.14,0.4,0.156,581
2023-09-24T00:00:00.000Z,0.1,3.33,0.6,0.47,0.93,0.652,572
2023-09-25T00:00:00.000Z,0.2,5.03,1.17,0.93,1.38,0.469,582
2023-09-26T00:00:00.000Z,0.2,3.9,0.8,0.55,1.23,0.695,559
2023-09-27T00:00:00.000Z,0.8,17.89,3.3,2.08,4.8,2.02,571
2023-09-28T00:00:00.000Z,0.1,9.43,3.17,0.93,5.55,2.564,582
2023-09-29T00:00:00.000Z,0.2,4.78,1.38,0.85,1.8,0.818,580
2023-09-30T00:00:00.000Z,0.2,3.22,1.6,1.2,1.98,0.537,576
2023-10-01T00:00:00.000Z,0.1,2.88,0.5,0.3,0.63,0.272,556
2023-10-02T00:00:00.000Z,0.2,2.4,0.88,0.6,1.4,0.52,563
2023-10-03T00:00:00.000Z,0.13,50.17,0.9,0.5,1.38,3.849,576
2023-10-04T00:00:00.000Z,0.3,4,1.5,1.2,1.8,0.598,579
2023-10-05T00:00:00.000Z,0,1.83,0.33,0.2,0.47,0.234,576
2023-10-06T00:00:00.000Z,0,5.3,1.5,0.5,2.29,1.041,575
2023-10-07T00:00:00.000Z,0,1.57,0.2,0.1,0.27,0.198,571
2023-10-08T00:00:00.000Z,0,0.93,0.2,0.1,0.3,0.174,571
2023-10-09T00:00:00.000Z,0,5.09,0.2,0.1,0.3,0.359,558
2023-10-10T00:00:00.000Z,0,5.65,0.5,0.3,1.52,1.556,546
2023-10-11T00:00:00.000Z,0.45,6.55,1.97,1.5,4.18,1.553,566
2023-10-12T00:00:00.000Z,0.2,3.1,1.3,0.9,1.7,0.582,564
2023-10-13T00:00:00.000Z,0,4.76,0.6,0.3,0.92,0.515,565
2023-10-14T00:00:00.000Z,0.43,2.8,1.5,1.2,1.8,0.445,570
2023-10-15T00:00:00.000Z,0,2.6,0.21,0.1,0.4,0.303,574
2023-10-16T00:00:00.000Z,0,0.5,0.1,0.03,0.1,0.083,569
2023-10-17T00:00:00.000Z,0,2.4,0.7,0.5,1.02,0.439,564
2023-10-18T00:00:00.000Z,0,1.7,0.1,0,0.2,0.181,556
2023-10-19T00:00:00.000Z,0.1,13.83,0.5,0.4,0.65,0.887,557
2023-10-20T00:00:00.000Z,0.1,1.57,0.43,0.3,0.7,0.255,579
2023-10-21T00:00:00.000Z,0,0.73,0.17,0.1,0.2,0.121,578
2023-10-22T00:00:00.000Z,0,1,0.2,0.1,0.47,0.23,577
2023-10-23T00:00:00.000Z,0,0.93,0.13,0.1,0.27,0.166,581
2023-10-24T00:00:00.000Z,0,1.67,0.2,0.1,0.4,0.183,576
2023-10-25T00:00:00.000Z,0.07,2.1,0.4,0.3,0.6,0.211,579
2023-10-26T00:00:00.000Z,0,1.3,0.43,0.3,0.6,0.207,577
2023-10-27T00:00:00.000Z,0.1,2.7,1,0.4,1.3,0.505,576
2023-10-28T00:00:00.000Z,0.1,2,0.6,0.33,0.9,0.366,579
2023-10-29T00:00:00.000Z,0,1.33,0.53,0.1,0.73,0.322,574
2023-10-30T00:00:00.000Z,0,2.52,0.3,0.1,1.5,0.76,579
2023-10-31T00:00:00.000Z,0,1.07,0.2,0.13,0.3,0.13,583
2023-11-01T00:00:00.000Z,0,1.93,0.27,0.2,0.4,0.198,563
2023-11-02T00:00:00.000Z,0.03,4.63,2.1,1.47,2.6,0.925,570
2023-11-03T00:00:00.000Z,0.17,4.83,1.3,0.7,2.77,1.255,581
2023-11-04T00:00:00.000Z,0,2.1,0.6,0.4,0.87,0.308,583
2023-11-05T00:00:00.000Z,0.2,2.2,0.9,0.6,1.2,0.38,576
2023-11-06T00:00:00.000Z,0,3.5,0.56,0.3,0.9,0.71,574
2023-11-07T00:00:00.000Z,0,1.23,0.1,0.1,0.4,0.223,576
2023-11-08T00:00:00.000Z,0,0.8,0.2,0.1,0.3,0.179,574
2023-11-09T00:00:00.000Z,0,2,0.2,0.1,0.43,0.403,542
2023-11-10T00:00:00.000Z,0,3.4,0.2,0.1,0.3,0.305,566
2023-11-11T00:00:00.000Z,0,0.9,0.1,0.1,0.2,0.144,580
2023-11-12T00:00:00.000Z,0,1.1,0.2,0.13,0.37,0.17,360
2023-11-13T00:00:00.000Z,0,0.7,0.2,0.1,0.23,0.099,581
2023-11-14T00:00:00.000Z,0.03,1,0.3,0.2,0.4,0.129,581
2023-11-15T00:00:00.000Z,0,0.6,0.2,0.2,0.3,0.093,582
2023-11-16T00:00:00.000Z,0.1,2.02,0.6,0.3,0.9,0.387,580
2023-11-17T00:00:00.000Z,0.1,1.8,0.77,0.4,1,0.393,578
2023-11-18T00:00:00.000Z,0.07,1.3,0.3,0.2,0.5,0.204,574
2023-11-19T00:00:00.000Z,0.17,1.2,0.6,0.47,0.77,0.2,580
2023-11-20T00:00:00.000Z,0.1,1.8,0.5,0.4,0.7,0.246,578
2023-11-21T00:00:00.000Z,0,2.63,0.7,0.28,1.1,0.473,580
2023-11-22T00:00:00.000Z,0,2.27,0.72,0.22,1.2,0.569,584
2023-11-23T00:00:00.000Z,0.1,3.2,1.07,0.67,1.8,0.734,555
2023-11-24T00:00:00.000Z,0,0.83,0.2,0.1,0.3,0.119,580
2023-11-25T00:00:00.000Z,0,1.03,0.2,0.1,0.3,0.138,577
2023-11-26T00:00:00.000Z,0,0.8,0.1,0.1,0.2,0.142,576
2023-11-27T00:00:00.000Z,0,1.57,0.4,0.1,0.6,0.295,581
2023-11-28T00:00:00.000Z,0,1.37,0.43,0.3,0.6,0.222,582
2023-11-29T00:00:00.000Z,0,0.9,0.22,0.1,0.4,0.211,582
2023-11-30T00:00:00.000Z,0.1,2.7,0.55,0.4,0.77,0.32,498
2024-01-27T00:00:00.000Z,0,0.1,0,0,0.07,0.042,349
2024-01-28T00:00:00.000Z,0,0.6,0.03,0,0.2,0.139,581
2024-01-29T00:00:00.000Z,0,0.63,0.2,0.2,0.3,0.106,585
2024-01-30T00:00:00.000Z,0.1,1.6,0.4,0.27,0.6,0.242,584
2024-01-31T00:00:00.000Z,0,0.9,0.2,0.1,0.3,0.142,576
2024-02-01T00:00:00.000Z,0,1.27,0.3,0.2,0.5,0.231,568
2024-02-02T00:00:00.000Z,0,1.4,0.1,0.07,0.4,0.253,562
2024-02-03T00:00:00.000Z,0,1.07,0.27,0.19,0.4,0.178,564
2024-02-04T00:00:00.000Z,0,0.7,0.2,0.17,0.3,0.115,575
2024-02-05T00:00:00.000Z,0,0.53,0.1,0.07,0.13,0.082,584
2024-02-06T00:00:00.000Z,0,0.2,0.1,0.1,0.1,0.041,584
2024-02-07T00:00:00.000Z,0,0.2,0.1,0.1,0.1,0.044,580
2024-02-08T00:00:00.000Z,0,0.2,0.1,0.1,0.1,0.041,565
2024-02-09T00:00:00.000Z,0,0.2,0.1,0,0.1,0.046,578
2024-02-10T00:00:00.000Z,0,0.3,0.1,0.1,0.1,0.049,580
2024-02-11T00:00:00.000Z,0,1.27,0.1,0.1,0.5,0.293,582
2024-02-12T00:00:00.000Z,0.1,2.7,0.4,0.2,0.7,0.468,580
2024-02-13T00:00:00.000Z,0,0.6,0.2,0.17,0.3,0.094,580
2024-02-14T00:00:00.000Z,0,0.6,0.2,0.19,0.3,0.093,580
2024-02-15T00:00:00.000Z,0,1.2,0.4,0.2,0.53,0.214,573
2024-02-16T00:00:00.000Z,0,2.5,0.5,0.2,0.9,0.516,583
2024-02-17T00:00:00.000Z,0,0.47,0.2,0.1,0.2,0.079,576
2024-02-18T00:00:00.000Z,0,0.8,0.23,0.17,0.4,0.148,581
2024-02-19T00:00:00.000Z,0,0.87,0.2,0.13,0.3,0.128,584
2024-02-20T00:00:00.000Z,0,1.3,0.2,0.1,0.4,0.224,568
2024-02-21T00:00:00.000Z,0,1.1,0.32,0.2,0.5,0.224,582
2024-02-22T00:00:00.000Z,0,3.63,0.5,0.3,1.8,0.939,581
2024-02-23T00:00:00.000Z,0,2.2,0.6,0.4,0.9,0.334,582
2024-02-24T00:00:00.000Z,0,0.77,0.2,0.19,0.3,0.121,580
2024-02-25T00:00:00.000Z,0,2.17,0.23,0.1,0.5,0.48,580
2024-02-26T00:00:00.000Z,0,2.29,0.3,0.1,0.67,0.422,579
2024-02-27T00:00:00.000Z,0,1.3,0.2,0.1,0.2,0.15,581
2024-02-28T00:00:00.000Z,0.2,2.43,0.97,0.7,1.27,0.455,583
2024-02-29T00:00:00.000Z,1.3,10.8,4.33,3.15,5.4,1.778,585
2024-03-01T00:00:00.000Z,0.4,5.13,2.67,1.83,3.43,1.056,563
2024-03-02T00:00:00.000Z,0.3,3.97,0.93,0.7,1.3,0.67,577
2024-03-03T00:00:00.000Z,0.5,4.47,1.93,1.5,2.5,0.795,574
2024-03-04T00:00:00.000Z,0.53,4.83,2.2,1.7,2.73,0.788,582
2024-03-05T00:00:00.000Z,0.73,7.5,2.87,2.1,3.7,1.206,583
2024-03-06T00:00:00.000Z,0.1,2.2,1.03,0.7,1.3,0.457,577
2024-03-07T00:00:00.000Z,0,1.5,0.3,0.2,0.6,0.314,573
2024-03-08T00:00:00.000Z,0.1,1.67,0.5,0.3,0.8,0.342,574
2024-03-09T00:00:00.000Z,0.1,1.4,0.3,0.2,0.5,0.207,580
2024-03-10T00:00:00.000Z,0,1.87,0.5,0.2,0.8,0.403,581
2024-03-11T00:00:00.000Z,0.4,2.29,1.17,0.87,1.5,0.385,570
2024-03-12T00:00:00.000Z,0.1,1.63,0.43,0.3,0.87,0.363,580
2024-03-13T00:00:00.000Z,0.1,0.83,0.4,0.2,0.5,0.175,57
2024-03-16T00:00:00.000Z,0.1,0.9,0.2,0.2,0.3,0.102,138
2024-03-17T00:00:00.000Z,0,0.43,0.2,0.1,0.2,0.081,574
2024-03-18T00:00:00.000Z,0,0.6,0.1,0.1,0.1,0.076,584
2024-03-19T00:00:00.000Z,0,3.07,0.5,0.3,0.8,0.668,582
2024-03-20T00:00:00.000Z,0.1,3.43,0.7,0.5,1.1,0.478,580
2024-03-21T00:00:00.000Z,0,3.5,0.43,0.3,0.8,0.497,584
2024-03-22T00:00:00.000Z,0.3,4.5,1.3,0.9,1.77,0.732,504
2024-03-23T00:00:00.000Z,0,2,0.6,0.3,0.9,0.387,545
2024-03-24T00:00:00.000Z,0,0.97,0.2,0.1,0.3,0.157,585
2024-03-25T00:00:00.000Z,0,2.06,0.1,0.03,0.2,0.229,587
2024-03-26T00:00:00.000Z,0,1.1,0.3,0.2,0.4,0.2,588
2024-03-27T00:00:00.000Z,0.1,2.47,0.64,0.4,1,0.445,586
2024-03-28T00:00:00.000Z,0.3,3.97,1.3,0.8,1.93,0.772,583
2024-03-29T00:00:00.000Z,0.1,4.23,1,0.5,1.87,0.923,367
2024-03-30T00:00:00.000Z,0.03,5.8,0.5,0.23,1,0.753,582
2024-03-31T00:00:00.000Z,0,8.63,1.14,0.3,2.29,1.412,586
2024-04-01T00:00:00.000Z,0.2,5.93,1.08,0.77,1.4,0.573,564
2024-04-02T00:00:00.000Z,0,1.5,0.6,0.4,0.8,0.291,572
2024-04-03T00:00:00.000Z,0.1,1.2,0.4,0.2,0.7,0.28,585
2024-04-04T00:00:00.000Z,0,0.9,0.3,0.2,0.47,0.173,586
2024-04-05T00:00:00.000Z,0,1.77,0.13,0.1,0.2,0.236,583
2024-04-06T00:00:00.000Z,0,1.63,0.3,0.2,0.53,0.303,587
2024-04-07T00:00:00.000Z,0,1.5,0.5,0.25,0.7,0.293,584
2024-04-08T00:00:00.000Z,0,2.95,0.5,0.1,0.68,0.362,581
2024-04-09T00:00:00.000Z,0,1.63,0.1,0.1,0.2,0.299,570
2024-04-10T00:00:00.000Z,0.1,3.3,0.8,0.5,1.4,0.668,559
2024-04-11T00:00:00.000Z,0.13,2.4,0.73,0.5,1,0.387,568
2024-04-12T00:00:00.000Z,0,3.8,0.4,0.2,0.6,0.589,565
2024-04-13T00:00:00.000Z,0,2.6,0.73,0.31,1.4,0.623,581
2024-04-14T00:00:00.000Z,0.33,3.4,1.7,1.2,2.06,0.55,584
2024-04-15T00:00:00.000Z,0,2,0.3,0.1,0.47,0.258,581
2024-04-16T00:00:00.000Z,0,1.87,0.2,0.1,0.3,0.179,580
2024-04-17T00:00:00.000Z,0,1.4,0.1,0.1,0.1,0.139,580
2024-04-18T00:00:00.000Z,0,0.53,0.1,0.1,0.2,0.091,579
2024-04-19T00:00:00.000Z,0,1.1,0.2,0.13,0.3,0.203,575
2024-04-20T00:00:00.000Z,0,1.5,0.27,0.19,0.49,0.23,561
2024-04-21T00:00:00.000Z,0,3.33,0.4,0.2,0.56,0.349,582
2024-04-22T00:00:00.000Z,0,1.27,0.4,0.2,0.6,0.252,574
2024-04-23T00:00:00.000Z,0,1.57,0.1,0.1,0.2,0.17,571
2024-04-24T00:00:00.000Z,0,1.7,0.15,0.1,0.2,0.262,575
2024-04-25T00:00:00.000Z,0,1.3,0.2,0.1,0.4,0.254,574
2024-04-26T00:00:00.000Z,0,1.5,0.3,0.2,0.5,0.208,559
2024-04-27T00:00:00.000Z,0,1.07,0.2,0.1,0.3,0.145,574
2024-04-28T00:00:00.000Z,0,2.29,0.4,0.2,0.7,0.418,578
2024-04-29T00:00:00.000Z,0,2.4,0.25,0.1,0.4,0.272,581
2024-04-30T00:00:00.000Z,0,0.7,0.1,0.1,0.2,0.093,583
2024-05-01T00:00:00.000Z,0,2.04,0.4,0.2,0.82,0.403,555
2024-05-02T00:00:00.000Z,0,0.6,0.2,0.1,0.22,0.105,577
2024-05-03T00:00:00.000Z,0,0.5,0.1,0.1,0.15,0.082,577
2024-05-04T00:00:00.000Z,0,0.45,0,0,0.1,0.09,366
2024-05-05T00:00:00.000Z,0,0.52,0.1,0,0.15,0.099,469
2024-05-06T00:00:00.000Z,0,0.4,0.07,0,0.1,0.073,578
2024-05-07T00:00:00.000Z,0,0.55,0.1,0,0.2,0.117,576
2024-05-08T00:00:00.000Z,0,1.1,0.1,0,0.2,0.188,577
2024-05-09T00:00:00.000Z,0,1.07,0.2,0.1,0.3,0.169,582
2024-05-10T00:00:00.000Z,0,0.6,0.1,0,0.13,0.102,582
2024-05-11T00:00:00.000Z,0,0.35,0,0,0.1,0.064,582
2024-05-12T00:00:00.000Z,0,0.7,0.1,0,0.2,0.153,580
2024-05-13T00:00:00.000Z,0,0.3,0,0,0.1,0.062,579
2024-05-14T00:00:00.000Z,0,0.2,0,0,0.08,0.047,579
2024-05-15T00:00:00.000Z,0,0.28,0,0,0.1,0.06,577
2024-05-16T00:00:00.000Z,0,0.5,0.2,0.1,0.3,0.108,576
2024-05-17T00:00:00.000Z,0,0.98,0.2,0.1,0.2,0.1,581
2024-05-18T00:00:00.000Z,0,0.63,0.15,0.1,0.3,0.147,581
2024-05-19T00:00:00.000Z,0,1.35,0.3,0.1,0.47,0.254,583
2024-05-20T00:00:00.000Z,0,1.7,0.3,0.15,0.4,0.187,581
2024-05-21T00:00:00.000Z,0,0.88,0.1,0,0.3,0.174,578
2024-05-22T00:00:00.000Z,0,1.4,0.4,0.1,0.56,0.265,583
2024-05-23T00:00:00.000Z,0,1.52,0.3,0.2,0.5,0.307,582
2024-05-24T00:00:00.000Z,0,1.33,0.2,0.1,0.4,0.241,575
2024-05-25T00:00:00.000Z,0,4.25,0.3,0.1,1.19,1.01,581
2024-05-26T00:00:00.000Z,0,5.82,0.2,0.1,0.65,0.554,582
2024-05-27T00:00:00.000Z,0,3.08,0.2,0.1,0.79,0.543,580
2024-05-28T00:00:00.000Z,0,2.17,0.2,0.1,0.6,0.505,583
2024-05-29T00:00:00.000Z,0,0.5,0.1,0,0.2,0.116,581
2024-05-30T00:00:00.000Z,0,0.8,0.3,0.2,0.32,0.123,583
2024-05-31T00:00:00.000Z,0.1,3.67,0.5,0.3,0.98,0.686,581
2024-06-01T00:00:00.000Z,0.1,3.5,0.4,0.3,0.8,0.549,567
2024-06-02T00:00:00.000Z,0,3.2,0.7,0.4,1.1,0.672,583
2024-06-03T00:00:00.000Z,0.1,3.8,0.6,0.35,1.2,0.791,577
2024-06-04T00:00:00.000Z,0,2.6,0.45,0.27,1.1,0.587,580
2024-06-05T00:00:00.000Z,0,2.97,0.5,0.35,0.7,0.5,584
2024-06-06T00:00:00.000Z,0,2.27,0.3,0.1,0.5,0.357,580
2024-06-07T00:00:00.000Z,0,1.65,0.2,0,0.8,0.44,578
2024-06-08T00:00:00.000Z,0,3.23,0.3,0.1,0.56,0.453,576
2024-06-09T00:00:00.000Z,0.03,1.97,0.6,0.4,0.9,0.353,577
2024-06-10T00:00:00.000Z,0.1,2.5,0.79,0.4,1.2,0.527,568
2024-06-11T00:00:00.000Z,0,1.35,0.2,0.1,0.4,0.261,579
2024-06-12T00:00:00.000Z,0,1.8,0.3,0.1,0.5,0.329,575
2024-06-13T00:00:00.000Z,0,1.12,0.3,0.2,0.5,0.233,580
2024-06-14T00:00:00.000Z,0,1.6,0.2,0.1,0.6,0.357,577
2024-06-15T00:00:00.000Z,0,1.88,0.5,0.21,0.8,0.403,509
2024-06-16T00:00:00.000Z,0,0.8,0.12,0.1,0.25,0.139,578
2024-06-17T00:00:00.000Z,0,0.85,0.1,0,0.2,0.151,574
2024-06-18T00:00:00.000Z,0,1.58,0.4,0.2,0.6,0.296,535
2024-06-19T00:00:00.000Z,0,1.95,0.5,0.3,0.7,0.367,575
2024-06-20T00:00:00.000Z,0,2.08,0.7,0.2,1.01,0.494,572
2024-06-21T00:00:00.000Z,0,1.7,0.2,0.1,0.4,0.323,570
2024-06-22T00:00:00.000Z,0,1,0.1,0,0.17,0.125,570
2024-06-23T00:00:00.000Z,0,1.42,0.15,0.08,0.3,0.336,569
2024-06-24T00:00:00.000Z,0,3.2,0.4,0.1,0.75,0.575,569
2024-06-25T00:00:00.000Z,0,1.4,0.1,0.1,0.2,0.178,579
2024-06-26T00:00:00.000Z,0,1.42,0.3,0.1,0.4,0.212,579
2024-06-27T00:00:00.000Z,0,1.45,0.3,0.1,0.55,0.295,578
2024-06-28T00:00:00.000Z,0,2.7,0.3,0.13,0.6,0.445,578
2024-06-29T00:00:00.000Z,0,1.17,0.1,0,0.2,0.178,579
2024-06-30T00:00:00.000Z,0,2.1,0.1,0,0.13,0.204,580
2024-07-01T00:00:00.000Z,0,1.08,0.27,0,0.47,0.255,574
2024-07-02T00:00:00.000Z,0,0.93,0.14,0.1,0.22,0.156,578
2024-07-03T00:00:00.000Z,0,1.33,0.1,0,0.3,0.239,579
2024-07-04T00:00:00.000Z,0,1.4,0.1,0,0.2,0.176,578
2024-07-05T00:00:00.000Z,0,1.3,0.2,0.1,0.3,0.205,580
2024-07-06T00:00:00.000Z,0,1.4,0.2,0.1,0.35,0.256,581
2024-07-07T00:00:00.000Z,0,1.88,0.5,0.16,0.8,0.41,580
2024-07-08T00:00:00.000Z,0,0.6,0,0,0.1,0.101,578
2024-07-09T00:00:00.000Z,0,0.8,0.03,0,0.1,0.133,579
2024-07-10T00:00:00.000Z,0,1.3,0.2,0.1,0.4,0.246,581
2024-07-11T00:00:00.000Z,0,1.6,0.17,0,0.4,0.281,576
2024-07-12T00:00:00.000Z,0,0.8,0.15,0.1,0.22,0.128,580
2024-07-13T00:00:00.000Z,0,0.82,0.1,0.1,0.2,0.127,579
2024-07-14T00:00:00.000Z,0,0.75,0.1,0,0.2,0.129,580
2024-07-15T00:00:00.000Z,0,0.8,0.1,0.05,0.13,0.097,579
2024-07-16T00:00:00.000Z,0,0.3,0.03,0,0.1,0.06,580
2024-07-17T00:00:00.000Z,0,1.3,0.28,0,0.4,0.242,579
2024-07-18T00:00:00.000Z,0,1.55,0.5,0.3,0.7,0.308,580
2024-07-19T00:00:00.000Z,0,1.9,0.3,0.1,0.5,0.313,572
2024-07-20T00:00:00.000Z,0,0.95,0.2,0.1,0.4,0.188,579
2024-07-21T00:00:00.000Z,0,1.3,0.2,0.1,0.35,0.227,580
2024-07-22T00:00:00.000Z,0,1.2,0.1,0.03,0.2,0.156,572
2024-07-23T00:00:00.000Z,0,1,0.1,0,0.2,0.153,578
2024-07-24T00:00:00.000Z,0,1.8,0.1,0,0.56,0.331,577
2024-07-25T00:00:00.000Z,0,1.2,0.2,0,0.4,0.26,576
2024-07-26T00:00:00.000Z,0,1.52,0.17,0.1,0.3,0.227,578
2024-07-27T00:00:00.000Z,0,1.9,0.1,0.1,0.2,0.199,578
2024-07-28T00:00:00.000Z,0,1.05,0.2,0.1,0.4,0.205,579
2024-07-29T00:00:00.000Z,0,1.1,0.1,0,0.3,0.202,575
2024-07-30T00:00:00.000Z,0,1,0.2,0,0.3,0.205,574
2024-07-31T00:00:00.000Z,0,1.5,0.22,0.1,0.52,0.338,571
2024-08-01T00:00:00.000Z,0,1,0.1,0,0.3,0.18,573
2024-08-02T00:00:00.000Z,0,0.6,0.13,0.1,0.3,0.147,575
2024-08-03T00:00:00.000Z,0,2.29,0.3,0.1,0.93,0.508,575
2024-08-04T00:00:00.000Z,0,1.88,0.1,0.08,0.2,0.24,572
2024-08-05T00:00:00.000Z,0,1,0.1,0,0.3,0.2,571
2024-08-06T00:00:00.000Z,0,1.1,0.1,0,0.2,0.207,566
2024-08-07T00:00:00.000Z,0,0.8,0.2,0.08,0.3,0.189,571
2024-08-08T00:00:00.000Z,0,1.1,0.1,0,0.3,0.209,568
2024-08-09T00:00:00.000Z,0,1.95,0.4,0.1,0.7,0.412,565
2024-08-10T00:00:00.000Z,0.2,3.3,1.7,0.7,2.15,0.759,564
2024-08-11T00:00:00.000Z,0.4,2.63,1.1,0.85,1.4,0.401,567
2024-08-12T00:00:00.000Z,0.08,1.4,0.3,0.2,0.4,0.169,564
2024-08-13T00:00:00.000Z,0,3.65,0.3,0.2,0.4,0.263,558
2024-08-14T00:00:00.000Z,0.2,1.95,0.7,0.5,0.88,0.257,527
2024-08-15T00:00:00.000Z,0.7,4.32,1.42,1.17,1.88,0.62,487
2024-08-16T00:00:00.000Z,0.1,2.17,0.7,0.47,1.17,0.48,446
2024-08-17T00:00:00.000Z,0.1,19.2,0.67,0.55,0.8,1.521,542
2024-08-18T00:00:00.000Z,0.3,4.75,0.9,0.7,1.45,0.734,550
2024-08-19T00:00:00.000Z,0.43,4.07,1.45,1.23,1.77,0.504,548
2024-08-20T00:00:00.000Z,0.4,7.82,4.28,1.67,5.5,2.062,559
2024-08-21T00:00:00.000Z,0.2,5.97,0.8,0.6,2.15,1.553,549
2024-08-22T00:00:00.000Z,0.1,5.05,1.4,0.77,2.6,1.078,564
2024-08-23T00:00:00.000Z,0.68,5.07,1.92,1.3,2.7,0.918,568
2024-08-24T00:00:00.000Z,0.3,4.65,1.12,0.8,1.85,0.757,572
2024-08-25T00:00:00.000Z,0,8.69,1.25,0.9,1.65,1.637,569
2024-08-26T00:00:00.000Z,0.6,8.05,3.67,2.42,4.68,1.551,555
2024-08-27T00:00:00.000Z,0.56,7.78,3.67,2.21,4.53,1.482,561
2024-08-28T00:00:00.000Z,1,4.55,2.95,2.5,3.28,0.631,559
2024-08-29T00:00:00.000Z,1.3,9.15,5.3,4.32,6.65,1.616,553
2024-08-30T00:00:00.000Z,0.4,7.88,1.77,1.17,2.84,1.633,557
2024-08-31T00:00:00.000Z,0.5,7.3,1.67,1.2,3.1,1.639,559
2024-09-01T00:00:00.000Z,0.3,5.68,0.75,0.6,0.9,0.384,567
2024-09-02T00:00:00.000Z,0.1,2.67,0.7,0.5,0.95,0.416,553
2024-09-03T00:00:00.000Z,1.1,5.95,3.4,1.85,4.03,1.218,563
2024-09-04T00:00:00.000Z,2.2,7.43,4.53,3.83,5.18,0.953,565
2024-09-05T00:00:00.000Z,1.48,7.88,4.22,2.95,5.03,1.299,563
2024-09-06T00:00:00.000Z,1.88,7.45,4.18,3.51,5,1.218,552
2024-09-07T00:00:00.000Z,1.4,8.32,3.78,3.01,4.8,1.37,493
2024-09-08T00:00:00.000Z,2,8.35,5.05,3.95,6.04,1.408,561
2024-09-09T00:00:00.000Z,0.28,6.78,3.41,0.75,4.62,1.957,560
2024-09-10T00:00:00.000Z,0.2,28.55,0.92,0.7,1.2,2.36,550
2024-09-11T00:00:00.000Z,0,2.52,0.4,0.3,0.55,0.255,566
2024-09-12T00:00:00.000Z,0,7.45,0.3,0.2,0.4,0.896,572
2024-09-13T00:00:00.000Z,0,1.1,0.2,0.1,0.3,0.171,527
2024-09-14T00:00:00.000Z,0,5.25,0.2,0.1,0.32,0.472,563
2024-09-15T00:00:00.000Z,0,2.1,0.4,0.2,0.6,0.364,571
2024-09-16T00:00:00.000Z,0.1,1.12,0.5,0.4,0.6,0.191,570
2024-09-17T00:00:00.000Z,0,2.97,0.4,0.23,0.6,0.271,569
2024-09-18T00:00:00.000Z,0,2,0.4,0.2,0.65,0.345,568
2024-09-19T00:00:00.000Z,0.03,2.08,0.75,0.3,1.1,0.456,568
2024-09-20T00:00:00.000Z,0.1,3.03,1.7,0.5,2.1,0.813,567
2024-09-21T00:00:00.000Z,0.3,8.69,2.08,1.1,3.64,1.398,573
2024-09-22T00:00:00.000Z,0.8,7.93,3.42,2.4,4.13,1.316,570
2024-09-23T00:00:00.000Z,3.38,15.68,5.88,5.25,6.95,1.941,563
2024-09-24T00:00:00.000Z,1.14,8.13,3.95,3.13,5.05,1.301,564
2024-09-25T00:00:00.000Z,0.1,7.5,0.88,0.5,1.3,1.161,571
2024-09-26T00:00:00.000Z,0.15,3.53,0.68,0.5,0.82,0.315,573
2024-09-27T00:00:00.000Z,0.1,2,0.3,0.2,0.4,0.224,432
2024-09-28T00:00:00.000Z,0,3.85,0.2,0.2,0.3,0.291,401
2024-09-29T00:00:00.000Z,0,2.2,0.28,0.2,0.4,0.249,572
2024-09-30T00:00:00.000Z,0,2.6,0.3,0.2,0.4,0.243,570
2024-10-01T00:00:00.000Z,0,1.8,0.27,0.2,0.3,0.162,563
2024-10-02T00:00:00.000Z,0,7.82,0.2,0.2,0.3,0.556,562
2024-10-03T00:00:00.000Z,0.08,2.2,0.3,0.2,0.4,0.241,559
2024-10-04T00:00:00.000Z,0,1.5,0.35,0.2,0.5,0.233,575
2024-10-05T00:00:00.000Z,0.1,2.83,0.4,0.3,0.6,0.335,570
2024-10-06T00:00:00.000Z,0.1,5.13,0.8,0.5,1.33,0.581,566
2024-10-07T00:00:00.000Z,0.3,2.8,0.9,0.7,1.3,0.493,573
2024-10-08T00:00:00.000Z,0.2,9.68,2.25,1.4,2.93,1.28,573
2024-10-09T00:00:00.000Z,0.6,7.6,2.42,1.72,3.13,1.072,572
2024-10-10T00:00:00.000Z,0.1,2.5,0.73,0.4,1.1,0.448,571
2024-10-11T00:00:00.000Z,0,5.03,0.37,0.2,0.7,0.477,570
2024-10-12T00:00:00.000Z,0.1,3.4,0.5,0.37,0.67,0.268,577
2024-10-13T00:00:00.000Z,0.23,2.73,1.1,0.8,1.6,0.56,573
2024-10-14T00:00:00.000Z,0.2,2.5,0.6,0.4,0.9,0.383,573
2024-10-15T00:00:00.000Z,0.2,2.67,1.12,0.8,1.5,0.468,571
2024-10-16T00:00:00.000Z,0.4,2.63,1.1,0.8,1.5,0.459,572
2024-10-17T00:00:00.000Z,0.9,4.4,2.63,2.06,3.17,0.701,570
2024-10-18T00:00:00.000Z,1.9,9.85,4.53,3.83,5.42,1.213,572
2024-10-19T00:00:00.000Z,1.9,18,5.47,3.95,7,2.266,575
2024-10-20T00:00:00.000Z,1.52,11.75,3.4,2.58,4.59,1.779,571
2024-10-21T00:00:00.000Z,0.93,4.97,2.65,2,3.28,0.828,571
2024-10-22T00:00:00.000Z,0.6,4.22,1.8,1.47,2.1,0.519,569
2024-10-23T00:00:00.000Z,0.47,2.83,1.42,1.2,1.73,0.42,569
2024-10-24T00:00:00.000Z,0.97,7,2.58,2,3.2,1.039,571
2024-10-25T00:00:00.000Z,1.7,12.23,4.63,3.87,5.77,1.763,502
2024-10-26T00:00:00.000Z,1.14,15.47,3.42,2.5,5.18,2.525,569
2024-10-27T00:00:00.000Z,0.2,16.7,1.86,1.3,8.27,4.594,570
2024-10-28T00:00:00.000Z,0.03,1.67,0.6,0.3,0.87,0.348,561
2024-10-29T00:00:00.000Z,0.07,10.17,0.3,0.2,0.47,0.674,570
2024-10-30T00:00:00.000Z,0.37,3,1.8,1.4,2.13,0.517,566
2024-10-31T00:00:00.000Z,0.7,4.97,2.02,1.6,2.47,0.645,569
2024-11-01T00:00:00.000Z,0.1,5.57,1.93,0.6,3,1.312,562
2024-11-02T00:00:00.000Z,0,2.23,0.23,0.2,0.43,0.25,557
2024-11-03T00:00:00.000Z,0.2,4.2,1.1,0.67,2.02,0.882,562
2024-11-04T00:00:00.000Z,0,1.12,0.27,0.2,0.4,0.226,538
2024-11-05T00:00:00.000Z,0,1.67,0.2,0.1,0.4,0.245,450
2024-11-06T00:00:00.000Z,0,2.9,0.7,0.4,1.19,0.63,440
2024-11-07T00:00:00.000Z,0.2,2.83,1.03,0.6,1.4,0.496,531
2024-11-08T00:00:00.000Z,0.1,2.2,1.27,0.9,1.5,0.44,478
2024-11-09T00:00:00.000Z,0,4.7,1.33,0.5,2.06,0.94,467
2024-11-10T00:00:00.000Z,1.5,6.43,3.4,2.9,4.2,0.993,432
2024-11-11T00:00:00.000Z,0.4,5.37,1.9,1.3,2.5,1.069,483
2024-11-12T00:00:00.000Z,0.5,5.6,1.43,1.1,2,1.094,358
2024-11-13T00:00:00.000Z,0.2,6.87,1.4,0.87,2.9,1.63,423
2024-11-14T00:00:00.000Z,0.1,2.9,0.73,0.39,1.5,0.7,404
2024-11-15T00:00:00.000Z,0.2,3.27,1.57,1.23,1.9,0.512,524
2024-11-16T00:00:00.000Z,0.63,4.4,1.6,1.23,2.06,0.689,546
2024-11-17T00:00:00.000Z,0,2.73,1.1,0.52,1.4,0.539,553
2024-11-18T00:00:00.000Z,0,2.9,0.4,0.2,0.7,0.536,543
2024-11-19T00:00:00.000Z,0.1,8.33,0.73,0.5,1,0.848,493
2024-11-20T00:00:00.000Z,0.1,6,0.6,0.4,0.9,0.522,489
2024-11-21T00:00:00.000Z,0.1,1.8,0.4,0.3,0.6,0.3,468
2024-11-22T00:00:00.000Z,0.1,4.03,0.73,0.5,1.19,0.708,484
2024-11-23T00:00:00.000Z,0.1,2.77,0.6,0.4,0.99,0.528,416
2024-11-24T00:00:00.000Z,0.1,5.07,1.9,0.9,2.63,1.028,466
2024-11-25T00:00:00.000Z,0.4,4.33,1.73,1.39,2.08,0.541,412
2024-11-26T00:00:00.000Z,0.63,3.13,1.9,1.47,2.23,0.517,571
2024-11-27T00:00:00.000Z,0,2,0.33,0.23,0.8,0.434,574
2024-11-28T00:00:00.000Z,0.1,19.7,0.4,0.3,0.5,1.325,579
2024-11-29T00:00:00.000Z,0.1,4.33,1.12,0.73,1.77,0.957,579
2024-11-30T00:00:00.000Z,0.37,4.2,1.87,1.5,2.2,0.672,461
2025-01-24T00:00:00.000Z,0.7,11.13,3.07,2.13,4.22,2.356,281
2025-01-25T00:00:00.000Z,0.37,5.87,2.6,1.8,3.37,1.148,536
2025-01-26T00:00:00.000Z,0.5,3.03,1.5,1.12,1.93,0.539,217
2025-01-27T00:00:00.000Z,0,2.4,0.9,0.5,1.3,0.527,482
2025-01-28T00:00:00.000Z,0.37,5.73,2.22,1.23,3.13,1.102,578
2025-01-29T00:00:00.000Z,0.1,3.17,0.89,0.5,1.3,0.536,578
2025-01-30T00:00:00.000Z,0.2,2.7,1,0.7,1.4,0.555,421
2025-01-31T00:00:00.000Z,0.3,5.87,1.9,1.1,2.5,1.047,510
2025-02-01T00:00:00.000Z,0.37,4.7,1.53,1.07,2.1,0.726,422
2025-02-02T00:00:00.000Z,0.9,9.4,2.8,2,5.67,2.159,515
2025-02-03T00:00:00.000Z,1.2,9.5,4.8,3.51,6.07,1.785,576
2025-02-04T00:00:00.000Z,4.59,26.53,14.9,12.32,17.8,3.974,576
2025-02-05T00:00:00.000Z,0.5,24.3,2.29,1.6,5.73,6.562,574
2025-02-06T00:00:00.000Z,0.1,1.5,0.5,0.39,0.7,0.274,576
2025-02-07T00:00:00.000Z,0.13,1.5,0.6,0.4,0.8,0.256,530
2025-02-08T00:00:00.000Z,1.37,6.93,3.7,3,4.47,0.96,536
2025-02-09T00:00:00.000Z,2.8,10.23,5.97,4.9,6.92,1.383,569
2025-02-10T00:00:00.000Z,1.7,5.23,3.7,3.17,4.13,0.701,574
2025-02-11T00:00:00.000Z,1,3.1,1.7,1.47,2.1,0.457,295
2025-02-12T00:00:00.000Z,0.6,4.33,2,1.4,2.9,0.848,510
2025-02-13T00:00:00.000Z,0.2,5.8,1.82,0.6,3.5,1.49,484
2025-02-14T00:00:00.000Z,0.07,1.87,0.4,0.3,0.56,0.24,303
2025-02-15T00:00:00.000Z,0.07,2.37,0.4,0.2,1,0.522,445
2025-02-16T00:00:00.000Z,0,1.17,0.3,0.1,0.67,0.325,332
2025-02-17T00:00:00.000Z,0.1,3.47,0.5,0.3,0.8,0.409,442
2025-02-18T00:00:00.000Z,0.1,2,0.5,0.3,0.7,0.388,516
2025-02-19T00:00:00.000Z,0.5,5.43,2.8,2.19,3.5,0.98,576
2025-02-20T00:00:00.000Z,0.4,14.93,1.43,1.1,2.06,3.061,567
2025-02-21T00:00:00.000Z,5.77,27,18.02,13.27,21.13,5.128,562
2025-02-22T00:00:00.000Z,5.57,22.17,14.47,11.7,16.39,3.417,571
2025-02-23T00:00:00.000Z,0.9,19.43,4.73,1.9,7.43,4.082,567
2025-02-24T00:00:00.000Z,2.4,12.97,4.87,3.82,8.3,2.453,572
2025-02-25T00:00:00.000Z,1.2,10.37,2.8,2.29,3.7,1.538,568
2025-02-26T00:00:00.000Z,0.5,5.6,1.87,1.4,2.4,0.992,574
2025-02-27T00:00:00.000Z,0.4,4.07,1.5,1.1,2.02,0.721,403
2025-02-28T00:00:00.000Z,0.5,2.52,1.23,0.95,1.5,0.415,97
2025-03-01T00:00:00.000Z,0.5,3.97,1.97,1.52,2.4,0.636,400
2025-03-02T00:00:00.000Z,0.97,4.09,2.4,2,2.73,0.571,569
2025-03-03T00:00:00.000Z,1.2,4.53,2.73,2.29,3.1,0.586,571
2025-03-04T00:00:00.000Z,0.8,5.77,2.47,1.9,2.93,0.744,570
2025-03-05T00:00:00.000Z,2.43,7.23,4.09,3.67,4.73,0.846,570
2025-03-06T00:00:00.000Z,2.6,6.63,4.07,3.51,4.73,0.795,144
2025-03-07T00:00:00.000Z,7.13,37.29,19.53,14.77,25.43,7.151,423
2025-03-08T00:00:00.000Z,0.6,19.8,2.13,1.5,3.17,3.345,570
2025-03-09T00:00:00.000Z,0.3,5,1.07,0.73,1.8,0.757,563
2025-03-10T00:00:00.000Z,0.3,4.4,2.13,1.2,2.97,0.999,565
2025-03-11T00:00:00.000Z,0.4,10.3,1.1,0.8,1.4,0.58,573
2025-03-12T00:00:00.000Z,0.2,3.57,0.6,0.5,0.7,0.292,577
2025-03-13T00:00:00.000Z,0.8,2.9,1.6,1.4,1.9,0.403,392
2025-03-14T00:00:00.000Z,0.2,1.6,0.5,0.4,0.6,0.19,333
2025-03-15T00:00:00.000Z,0.5,1.07,0.85,0.65,0.99,0.187,12
2025-03-18T00:00:00.000Z,0.83,5.2,1.4,1.2,1.8,0.687,67
2025-03-19T00:00:00.000Z,0.6,3.87,1.7,1.3,2.12,0.595,577
2025-03-20T00:00:00.000Z,1.1,7.3,2.9,2.1,4.07,1.231,555
2025-03-21T00:00:00.000Z,0.1,8,0.47,0.3,1.6,1.111,575
2025-03-22T00:00:00.000Z,0.1,3.5,1.6,1.1,2.1,0.719,577
2025-03-23T00:00:00.000Z,1.2,4.63,2.6,2.27,3.2,0.646,578
2025-03-24T00:00:00.000Z,0.47,9.97,3.35,1.72,4.9,1.852,577
2025-03-25T00:00:00.000Z,0.7,18.77,3.04,1.8,7.99,4.065,576
2025-03-26T00:00:00.000Z,0.05,2.43,0.7,0.3,1.12,0.527,574
2025-03-27T00:00:00.000Z,1.1,10.47,4.08,2,5.88,2.222,216
2025-03-28T00:00:00.000Z,2.47,22.03,13.63,10.52,15.6,4.429,445
2025-03-29T00:00:00.000Z,0.3,6.37,2.1,0.97,3.03,1.286,571
2025-03-30T00:00:00.000Z,0.1,2.47,0.5,0.3,0.8,0.346,461
2025-03-31T00:00:00.000Z,0.1,1.47,0.3,0.23,0.5,0.182,539
2025-04-01T00:00:00.000Z,0.1,1.03,0.2,0.2,0.3,0.155,231
2025-04-02T00:00:00.000Z,0,0.7,0.2,0.2,0.3,0.121,175
2025-04-03T00:00:00.000Z,0.03,3.72,0.8,0.4,1.3,0.645,567
2025-04-04T00:00:00.000Z,0,1.8,0.4,0.3,0.5,0.217,574
2025-04-05T00:00:00.000Z,0.1,1.6,0.2,0.2,0.3,0.144,556
2025-04-06T00:00:00.000Z,0,0.75,0.37,0.3,0.4,0.136,360
2025-04-07T00:00:00.000Z,0,1.07,0.1,0.1,0.2,0.124,322
2025-04-08T00:00:00.000Z,0,0.8,0.2,0.1,0.3,0.122,570
2025-04-09T00:00:00.000Z,0.05,4.7,0.43,0.3,0.6,0.918,556
2025-04-10T00:00:00.000Z,0.03,4,0.63,0.4,1.9,0.976,571
2025-04-11T00:00:00.000Z,0.1,3.37,1.2,0.6,1.77,0.675,568
2025-04-12T00:00:00.000Z,0.6,4.59,1.63,1.2,2.29,0.773,577
2025-04-13T00:00:00.000Z,0.93,18.77,3.7,1.7,6.05,3.047,552
2025-04-14T00:00:00.000Z,0.32,13.47,2.4,1.67,3.27,1.924,575
2025-04-15T00:00:00.000Z,0.6,4.87,1.92,1.33,2.95,0.951,563
2025-04-16T00:00:00.000Z,1.14,9.52,2.97,2.6,3.6,1.036,569
2025-04-17T00:00:00.000Z,1.23,9.07,3.42,2.7,4.96,1.716,577
2025-04-18T00:00:00.000Z,0.1,9,0.67,0.44,1,1.21,577
2025-04-19T00:00:00.000Z,0,8.19,2.29,0.6,4.9,2.256,495
2025-04-20T00:00:00.000Z,0,1.33,0.3,0.2,0.4,0.16,572
2025-04-21T00:00:00.000Z,0.1,1.37,0.4,0.3,0.6,0.205,566
2025-04-22T00:00:00.000Z,0.5,12.4,3.9,2.13,5.39,2.137,581
2025-04-23T00:00:00.000Z,0,7.13,0.3,0.2,0.9,1.224,579
2025-04-24T00:00:00.000Z,0,1.3,0.4,0.27,0.6,0.22,580
2025-04-25T00:00:00.000Z,0,3.1,0.4,0.2,0.5,0.238,580
2025-04-26T00:00:00.000Z,0,5.09,0.4,0.2,0.7,0.56,579
2025-04-27T00:00:00.000Z,0.5,8.36,1.07,0.8,2.57,2.129,577
2025-04-28T00:00:00.000Z,0.7,4.09,1.6,1.33,2.25,0.729,579
2025-04-29T00:00:00.000Z,0.1,4.2,0.5,0.3,1.03,0.764,579
2025-04-30T00:00:00.000Z,0.17,2.8,1.2,0.8,1.6,0.532,579
2025-05-01T00:00:00.000Z,0.5,14.45,3.08,1.17,4.63,2.663,578
2025-05-02T00:00:00.000Z,0.83,14.35,2.1,1.7,2.7,2.438,530
2025-05-03T00:00:00.000Z,0.1,3.13,0.7,0.5,0.8,0.266,481
2025-05-04T00:00:00.000Z,0,1.1,0.3,0.2,0.4,0.212,579
2025-05-05T00:00:00.000Z,0,3.43,0.35,0.23,0.8,0.425,579
2025-05-06T00:00:00.000Z,0,4.68,0.2,0.13,0.4,0.409,577
2025-05-07T00:00:00.000Z,0,1.5,0.3,0.2,0.4,0.183,578
2025-05-08T00:00:00.000Z,0,3,0.4,0.3,0.5,0.268,579
2025-05-09T00:00:00.000Z,0.5,3.42,1.62,1.1,2.02,0.572,578
2025-05-10T00:00:00.000Z,0.4,6.47,2.08,1.6,2.6,0.765,581
2025-05-11T00:00:00.000Z,0.2,3.42,0.9,0.7,1.17,0.394,579
2025-05-12T00:00:00.000Z,0.2,2.4,0.77,0.53,1.04,0.36,580
2025-05-13T00:00:00.000Z,0.27,2.67,1.07,0.85,1.25,0.301,579
2025-05-14T00:00:00.000Z,0.05,4.53,0.6,0.4,1.1,0.651,580
2025-05-15T00:00:00.000Z,0.1,3.85,0.56,0.4,0.8,0.364,579
2025-05-16T00:00:00.000Z,0.1,35.08,0.5,0.32,0.65,2.503,580
2025-05-17T00:00:00.000Z,0.17,1.5,0.6,0.5,0.7,0.164,580
2025-05-18T00:00:00.000Z,0.2,3.13,0.5,0.4,0.7,0.376,580
2025-05-19T00:00:00.000Z,0,1.5,0.4,0.3,0.52,0.217,579
2025-05-20T00:00:00.000Z,0.4,4.7,1.75,1,2.6,0.974,579
2025-05-21T00:00:00.000Z,0.1,4.97,0.82,0.5,1.73,1.109,579
2025-05-22T00:00:00.000Z,0,1.1,0.3,0.2,0.5,0.194,579
2025-05-23T00:00:00.000Z,0,1.1,0.2,0.1,0.3,0.152,579
2025-05-24T00:00:00.000Z,0.3,4.28,0.77,0.6,1.9,0.793,579
2025-05-25T00:00:00.000Z,0.2,3.8,1.3,0.77,2.29,0.868,577
2025-05-26T00:00:00.000Z,0.2,3.23,1,0.63,1.7,0.673,578
2025-05-27T00:00:00.000Z,0.3,5.47,1.1,0.73,1.8,0.754,580
2025-05-28T00:00:00.000Z,0.2,1.45,0.7,0.55,0.85,0.221,580
2025-05-29T00:00:00.000Z,0.1,3.05,0.6,0.5,0.8,0.286,580
2025-05-30T00:00:00.000Z,0.3,2.72,0.9,0.7,1.25,0.446,579
2025-05-31T00:00:00.000Z,0.2,2.5,0.7,0.5,0.9,0.28,580
2025-06-01T00:00:00.000Z,0.2,2.97,1.3,1,1.65,0.493,580
2025-06-02T00:00:00.000Z,0.5,3.4,1.25,1,1.67,0.505,579
2025-06-03T00:00:00.000Z,0.45,2.52,1,0.82,1.25,0.308,579
2025-06-04T00:00:00.000Z,0.32,4.03,1.54,1.3,1.8,0.433,574
2025-06-05T00:00:00.000Z,0.17,6.45,0.9,0.6,1.14,0.493,579
2025-06-06T00:00:00.000Z,0.1,1.9,0.77,0.5,1,0.333,579
2025-06-07T00:00:00.000Z,0.08,1.83,0.8,0.5,1.1,0.371,579
2025-06-08T00:00:00.000Z,0.15,35.54,0.5,0.4,0.8,2.74,577
2025-06-09T00:00:00.000Z,0.2,2.7,0.6,0.45,0.93,0.395,486
2025-06-10T00:00:00.000Z,0.8,14.27,5.6,3.7,8.55,3.49,579
2025-06-11T00:00:00.000Z,0.3,8.23,1.3,0.75,3.83,2.021,575
2025-06-12T00:00:00.000Z,0.1,9.1,0.55,0.4,0.7,0.618,514
2025-06-13T00:00:00.000Z,0,1.75,0.4,0.3,0.5,0.199,580
2025-06-14T00:00:00.000Z,0.1,3.33,0.98,0.6,1.5,0.543,578
2025-06-15T00:00:00.000Z,0.63,3.1,1.7,1.5,2,0.407,365
2025-06-16T00:00:00.000Z,1.6,131.4,3.8,3.45,4.15,7.954,443
2025-06-17T00:00:00.000Z,2.83,7.47,4.53,4,5.22,0.837,579
2025-06-18T00:00:00.000Z,1,4.43,2.27,1.7,2.99,0.766,580
2025-06-19T00:00:00.000Z,0.1,2.6,0.65,0.3,1.02,0.489,577
2025-06-20T00:00:00.000Z,0.1,6.5,0.85,0.55,1.17,0.559,575
2025-06-21T00:00:00.000Z,0.3,9.3,2,1.2,3.35,1.214,574
2025-06-22T00:00:00.000Z,0.9,3.1,1.8,1.58,2.2,0.453,579
2025-06-23T00:00:00.000Z,0.45,6.1,1.25,1,2.8,1.261,578
2025-06-24T00:00:00.000Z,0.4,3.22,1.4,1.08,1.8,0.503,580
2025-06-25T00:00:00.000Z,0.3,6.38,1.05,0.6,1.45,0.644,579
2025-06-26T00:00:00.000Z,0.38,382.9,1.02,0.8,1.35,18.337,566
2025-06-27T00:00:00.000Z,0.3,4.07,1.73,1.4,2.09,0.56,577
2025-06-28T00:00:00.000Z,0.2,4.55,2.15,1.35,2.8,0.93,580
2025-06-29T00:00:00.000Z,1.35,5.95,3.5,2.9,3.92,0.803,579
2025-06-30T00:00:00.000Z,0.2,5.7,0.7,0.55,1.14,1.222,411
2025-07-01T00:00:00.000Z,0.4,13.38,1.6,1.2,2.58,1.416,578
2025-07-02T00:00:00.000Z,0.5,4.8,1.5,1.2,1.77,0.586,579
2025-07-03T00:00:00.000Z,0.3,2.9,1.4,1,1.79,0.515,580
2025-07-04T00:00:00.000Z,0.3,3.38,0.8,0.65,1.08,0.328,580
2025-07-05T00:00:00.000Z,0.3,2.85,1.05,0.8,1.38,0.437,580
2025-07-06T00:00:00.000Z,0.2,2.75,0.9,0.65,1.34,0.465,529
2025-07-07T00:00:00.000Z,0.1,1.6,0.75,0.5,1,0.301,569
2025-07-08T00:00:00.000Z,0,1.3,0.28,0.2,0.4,0.212,580
2025-07-09T00:00:00.000Z,0.1,3.15,0.9,0.49,1.6,0.662,580
2025-07-10T00:00:00.000Z,0.4,2.6,1.35,1.01,1.63,0.444,580
2025-07-11T00:00:00.000Z,0.4,3.4,1.74,1.25,2.27,0.6,580
2025-07-12T00:00:00.000Z,1.9,6.5,3.72,3.1,4.15,0.701,581
2025-07-13T00:00:00.000Z,0.4,3.2,1.45,1.1,1.92,0.526,579
2025-07-14T00:00:00.000Z,0.6,3.13,1.5,1.27,1.7,0.375,581
2025-07-15T00:00:00.000Z,0.47,3.28,2,1.57,2.35,0.583,581
2025-07-16T00:00:00.000Z,0.7,4.09,2.5,1.8,3,0.749,580
2025-07-17T00:00:00.000Z,0.8,4.25,2.72,2.2,3.1,0.734,581
2025-07-18T00:00:00.000Z,0.43,4.57,2.7,2,3.28,0.877,580
2025-07-19T00:00:00.000Z,0.4,7.38,3.15,2.2,3.99,1.282,580
2025-07-20T00:00:00.000Z,0.56,9.07,3.1,2.22,3.9,1.645,571
2025-07-21T00:00:00.000Z,0.4,6.07,1.7,1.33,2.02,1.008,577
2025-07-22T00:00:00.000Z,0.4,4.4,1.6,1.19,2.12,0.659,580
2025-07-23T00:00:00.000Z,0.43,3.78,2.1,1.77,2.5,0.613,580
2025-07-24T00:00:00.000Z,0.73,5.35,2.58,2.1,3.12,0.78,580
2025-07-25T00:00:00.000Z,0.38,5.75,1.8,1.27,3.17,1.276,579
2025-07-26T00:00:00.000Z,0.7,7.45,4.05,1.8,5.18,1.735,580
2025-07-27T00:00:00.000Z,0.1,2.9,0.59,0.4,0.8,0.328,578
2025-07-28T00:00:00.000Z,0.3,4.45,1.2,0.9,1.52,0.436,579
2025-07-29T00:00:00.000Z,0.3,5.35,1.1,0.8,1.4,0.509,580
2025-07-30T00:00:00.000Z,0,3.8,0.9,0.5,1.2,0.478,581
2025-07-31T00:00:00.000Z,0.2,1.88,0.63,0.5,0.8,0.228,577
2025-08-01T00:00:00.000Z,0.1,1.8,0.9,0.7,1.1,0.303,581
2025-08-02T00:00:00.000Z,0.3,2.54,0.9,0.73,1.1,0.352,581
2025-08-03T00:00:00.000Z,0,2.25,0.73,0.3,1.4,0.586,580
2025-08-04T00:00:00.000Z,0,2.13,0.6,0.4,0.93,0.371,578
2025-08-05T00:00:00.000Z,0.4,6.45,1.5,1.23,1.75,0.536,557
2025-08-06T00:00:00.000Z,0.3,2.9,1.6,1.21,1.92,0.474,524
2025-08-07T00:00:00.000Z,0,2.22,0.93,0.65,1.2,0.41,562
2025-08-08T00:00:00.000Z,0,2.33,0.6,0.3,1.45,0.617,567
2025-08-09T00:00:00.000Z,0,1.7,0.5,0.28,0.7,0.298,567
2025-08-10T00:00:00.000Z,0.17,2.15,1,0.73,1.25,0.356,580
2025-08-11T00:00:00.000Z,0.1,2.7,0.6,0.35,0.85,0.493,581
2025-08-12T00:00:00.000Z,0.2,2.2,1,0.7,1.2,0.352,581
2025-08-13T00:00:00.000Z,0.05,2.5,0.8,0.4,1.23,0.559,569
2025-08-14T00:00:00.000Z,0,2.4,0.7,0.4,1.3,0.556,573
2025-08-15T00:00:00.000Z,0.1,8.94,2,0.6,3.1,1.822,537
2025-08-16T00:00:00.000Z,0,0.8,0.13,0.1,0.2,0.112,577
2025-08-17T00:00:00.000Z,0,2.22,0.1,0,0.1,0.232,578
2025-08-18T00:00:00.000Z,0,0.52,0.1,0,0.2,0.1,576
2025-08-19T00:00:00.000Z,0,1.6,0.56,0.1,0.85,0.406,581
2025-08-20T00:00:00.000Z,0,0.6,0.1,0,0.1,0.085,567
2025-08-21T00:00:00.000Z,0,0.73,0.1,0.1,0.2,0.125,383
2025-08-22T00:00:00.000Z,0,0.3,0.05,0,0.1,0.065,383
2025-08-23T00:00:00.000Z,0,1.3,0.1,0,0.1,0.14,574
2025-08-24T00:00:00.000Z,0,0.7,0.1,0,0.2,0.14,581
2025-08-25T00:00:00.000Z,0,0.9,0.1,0,0.2,0.17,580
2025-08-26T00:00:00.000Z,0,0.68,0.17,0.05,0.2,0.121,580
2025-08-27T00:00:00.000Z,0,1,0.35,0.2,0.5,0.201,580
2025-08-28T00:00:00.000Z,0.1,2.7,0.98,0.5,1.4,0.568,581
2025-08-29T00:00:00.000Z,0.73,5.5,1.8,1.35,2.47,0.889,579
2025-08-30T00:00:00.000Z,0.2,6.03,0.82,0.63,1.12,0.703,576
2025-08-31T00:00:00.000Z,0.1,2,0.65,0.4,0.85,0.34,579
2025-09-01T00:00:00.000Z,0.1,2.1,1,0.7,1.2,0.387,578
2025-09-02T00:00:00.000Z,0.1,1.45,0.4,0.3,0.6,0.234,581
2025-09-03T00:00:00.000Z,0.2,1.5,0.6,0.4,0.7,0.196,576
2025-09-04T00:00:00.000Z,0.05,1.3,0.52,0.4,0.73,0.263,577
2025-09-05T00:00:00.000Z,0,1.1,0.2,0.13,0.4,0.225,498
2025-09-06T00:00:00.000Z,0,0.45,0.2,0.1,0.3,0.125,18
2025-09-07T00:00:00.000Z,0,0.68,0.2,0.1,0.3,0.132,266
2025-09-08T00:00:00.000Z,0.08,2.04,0.63,0.4,0.92,0.43,301
2025-09-09T00:00:00.000Z,0.2,3.53,1.51,0.85,2.2,0.797,578
2025-09-10T00:00:00.000Z,1.25,5.18,3.55,2.95,4.03,0.746,548
2025-09-11T00:00:00.000Z,0,4.84,1.2,0.6,1.8,1.047,578
2025-09-12T00:00:00.000Z,0,1.02,0.2,0.1,0.5,0.237,581
2025-09-13T00:00:00.000Z,0,1.83,0.3,0.1,0.56,0.281,581
2025-09-14T00:00:00.000Z,0,0.9,0.2,0.1,0.3,0.163,581
2025-09-15T00:00:00.000Z,0,1.38,0.6,0.2,0.8,0.33,496
2025-09-16T00:00:00.000Z,0,2.33,0.75,0.43,1.27,0.528,581
2025-09-17T00:00:00.000Z,0.1,2.04,0.73,0.43,1.02,0.362,582
2025-09-18T00:00:00.000Z,0,2.9,1.08,0.2,1.54,0.724,580
2025-09-19T00:00:00.000Z,0.2,3.22,1.27,1,1.52,0.449,574
2025-09-20T00:00:00.000Z,0.8,10.13,1.8,1.48,2.2,0.722,474
2025-09-21T00:00:00.000Z,0.03,7.7,1.37,0.45,2.1,1.522,580
2025-09-22T00:00:00.000Z,0,0.75,0.2,0.1,0.3,0.151,578
2025-09-23T00:00:00.000Z,0,2.83,0.1,0.08,0.4,0.419,581
2025-09-24T00:00:00.000Z,0,0.4,0.1,0.03,0.1,0.067,580
2025-09-25T00:00:00.000Z,0,0.4,0.1,0.1,0.1,0.064,580
2025-09-26T00:00:00.000Z,0,0.8,0.1,0.03,0.1,0.118,579
2025-09-27T00:00:00.000Z,0,3.8,0.1,0.1,0.2,0.291,580
2025-09-28T00:00:00.000Z,0,0.87,0.2,0.1,0.3,0.184,578
2025-09-29T00:00:00.000Z,0,3.8,0.2,0.2,0.3,0.291,579
2025-09-30T00:00:00.000Z,0,1.03,0.2,0.13,0.3,0.148,581
2025-10-01T00:00:00.000Z,0.1,1.6,0.5,0.3,0.7,0.269,571
2025-10-02T00:00:00.000Z,0.13,3.57,1,0.6,1.3,0.464,571
2025-10-03T00:00:00.000Z,0.3,2.23,1.1,0.8,1.3,0.361,573
2025-10-04T00:00:00.000Z,0.03,4.33,0.75,0.2,2.2,1.17,576
2025-10-05T00:00:00.000Z,0,2.1,0.47,0.1,0.9,0.467,580
2025-10-06T00:00:00.000Z,0,1.1,0.2,0.1,0.3,0.226,580
2025-10-07T00:00:00.000Z,0,1.38,0.4,0.3,0.5,0.203,574
2025-10-08T00:00:00.000Z,0,1.25,0.5,0.4,0.68,0.193,579
2025-10-09T00:00:00.000Z,0.1,4.28,0.95,0.55,1.83,0.901,577
2025-10-10T00:00:00.000Z,0.68,3.3,1.8,1.45,2.2,0.481,581
2025-10-11T00:00:00.000Z,0.22,19.13,0.95,0.7,1.45,1.513,581
2025-10-12T00:00:00.000Z,0,1.17,0.2,0.1,0.47,0.248,572
2025-10-13T00:00:00.000Z,0,0.5,0.17,0.1,0.2,0.079,580
2025-10-14T00:00:00.000Z,0,3.4,0.3,0.2,0.4,0.32,575
2025-10-15T00:00:00.000Z,0,2.58,0.5,0.3,0.7,0.39,577
2025-10-16T00:00:00.000Z,0,1.07,0.23,0.2,0.3,0.143,496
2025-10-17T00:00:00.000Z,0,1.1,0.27,0.1,0.4,0.201,575
2025-10-18T00:00:00.000Z,0,1.7,0.2,0.13,0.3,0.192,580
2025-10-19T00:00:00.000Z,0,1.5,0.3,0.2,0.4,0.173,581
2025-10-20T00:00:00.000Z,0.3,2.97,1.08,0.77,1.7,0.606,580
2025-10-21T00:00:00.000Z,1.02,7.73,3.6,2.6,4.9,1.513,582
2025-10-22T00:00:00.000Z,0,4.9,1.7,1.23,2.29,0.934,580
2025-10-23T00:00:00.000Z,0,3.47,1,0.28,1.83,0.896,581
2025-10-24T00:00:00.000Z,0.1,2.1,0.8,0.4,1.08,0.409,579
2025-10-25T00:00:00.000Z,0.3,2,0.93,0.7,1.1,0.276,581
2025-10-26T00:00:00.000Z,0,1.2,0.4,0.2,0.5,0.191,582
2025-10-27T00:00:00.000Z,0,3.7,0.2,0.1,0.3,0.323,577
2025-10-28T00:00:00.000Z,0.07,0.9,0.3,0.2,0.43,0.182,582
2025-10-29T00:00:00.000Z,0,1,0.2,0.1,0.3,0.165,581
2025-10-30T00:00:00.000Z,0,17.82,0.2,0.1,0.4,1.179,579
2025-10-31T00:00:00.000Z,0,1.8,0.3,0.1,0.5,0.251,581
2025-11-01T00:00:00.000Z,0.4,4.26,1.9,1.41,2.29,0.714,580
2025-11-02T00:00:00.000Z,0,2.97,0.67,0.33,1.1,0.542,582
2025-11-03T00:00:00.000Z,0,1.7,0.6,0.42,0.8,0.273,581
2025-11-04T00:00:00.000Z,0.2,4.53,1.52,1.08,1.9,0.591,581
2025-11-05T00:00:00.000Z,0.3,2.13,1.08,0.9,1.27,0.278,579
2025-11-06T00:00:00.000Z,0.5,3.7,1.4,1.1,1.9,0.603,582
2025-11-07T00:00:00.000Z,0.5,7.9,2.8,1.53,4,1.598,581
2025-11-08T00:00:00.000Z,1,10.73,3.8,2.72,5.22,1.793,580
2025-11-09T00:00:00.000Z,0.5,7.07,2.1,1.5,2.9,1.172,581
2025-11-10T00:00:00.000Z,0.6,6.2,2.7,1.7,3.7,1.182,333
2025-11-11T00:00:00.000Z,0.43,7.2,1.67,1.3,2.17,1.002,580
2025-11-12T00:00:00.000Z,0.6,6.8,2.13,1.7,2.73,1.204,581
2025-11-13T00:00:00.000Z,0,4.3,0.27,0.1,1.23,1.083,581
2025-11-14T00:00:00.000Z,0,1.6,0.4,0.2,0.57,0.212,580
2025-11-15T00:00:00.000Z,0.07,5.3,0.5,0.3,1.17,0.855,581
2025-11-16T00:00:00.000Z,0.1,1.5,0.3,0.2,0.4,0.188,446