# Sensor Kronobergsgatan, Kungsholmens stadsdelsomr√•de, Sweden (Citizen Science project sensor.community/51714)
# https://aqicn.org/station/@180187/
# Daily pm25
date,min,max,median,q1,q3,stdev,count
2020-11-14T00:00:00.000Z,1.83,11.43,6,4.75,7.35,1.821,178
2020-11-15T00:00:00.000Z,4.88,32.1,11.68,8.55,17.98,7.115,292
2020-11-16T00:00:00.000Z,1.4,30.95,13.8,9.82,21.6,8.659,285
2020-11-17T00:00:00.000Z,0.1,1.95,0.65,0.4,0.95,0.383,313
2020-11-18T00:00:00.000Z,0,2.04,0.3,0.1,0.65,0.391,374
2020-11-19T00:00:00.000Z,0,2.97,0.42,0.1,1.14,0.76,344
2020-11-20T00:00:00.000Z,0,1.6,0.1,0.1,0.3,0.225,340
2020-11-21T00:00:00.000Z,0.1,0.8,0.2,0.2,0.3,0.143,33
2020-12-01T00:00:00.000Z,0.4,8.13,5.32,4.55,6.27,1.427,53
2020-12-02T00:00:00.000Z,0.2,12.95,5.9,2.97,7.53,3.109,235
2020-12-03T00:00:00.000Z,3.75,22.98,7.13,5.56,9.03,2.794,233
2020-12-04T00:00:00.000Z,0.2,18.75,3,1.52,6.5,3.031,263
2020-12-05T00:00:00.000Z,5.25,38.22,16.39,15.02,18.02,4.584,252
2020-12-06T00:00:00.000Z,7.2,26.48,17.32,11.17,21.14,5.152,345
2020-12-07T00:00:00.000Z,1.88,17.6,3.83,2.85,8.02,3.69,291
2020-12-08T00:00:00.000Z,2.08,25.27,5.4,4.4,6.35,2.71,279
2020-12-09T00:00:00.000Z,2.5,12.68,6.6,4.26,8.75,2.496,253
2020-12-10T00:00:00.000Z,3.38,13.3,8.05,5.07,9.68,2.415,262
2020-12-11T00:00:00.000Z,0.9,27.5,6.27,4.97,11.77,5.008,316
2020-12-12T00:00:00.000Z,2.54,16.63,8.6,5.34,11.39,3.612,321
2020-12-13T00:00:00.000Z,1.4,54.42,6.28,4.23,14.35,6.321,301
2020-12-14T00:00:00.000Z,1.58,21.67,3.44,2.85,4.63,2.639,280
2020-12-15T00:00:00.000Z,2.2,15.65,7.04,5.55,9.74,2.962,308
2020-12-16T00:00:00.000Z,0.1,8.75,0.73,0.3,1.77,2.097,315
2020-12-17T00:00:00.000Z,0.88,13.93,2.52,1.6,3.38,1.529,282
2020-12-18T00:00:00.000Z,0,25.8,0.8,0.2,1.83,2.235,308
2020-12-19T00:00:00.000Z,2.35,13.57,5.97,5.15,7.05,1.735,287
2020-12-20T00:00:00.000Z,1.27,20.95,9.82,6.74,12.89,5.147,305
2020-12-21T00:00:00.000Z,0.5,3.83,2.04,1.7,2.42,0.613,297
2020-12-22T00:00:00.000Z,0.3,16.75,2.5,1.6,4.84,2.364,283
2020-12-23T00:00:00.000Z,0,1.85,0.3,0.2,0.4,0.23,304
2020-12-24T00:00:00.000Z,0,2.38,0.3,0.2,0.52,0.327,269
2020-12-25T00:00:00.000Z,0,2.25,0.2,0.1,0.49,0.281,292
2020-12-26T00:00:00.000Z,0.4,1.3,0.6,0.5,0.68,0.155,41
2021-01-22T00:00:00.000Z,0,6.85,0.5,0.4,0.81,1.333,157
2021-01-23T00:00:00.000Z,0.08,14.02,0.88,0.5,2.75,2.041,255
2021-01-24T00:00:00.000Z,0.3,7.6,2.67,2,3.4,1.165,263
2021-01-25T00:00:00.000Z,0.1,3.05,0.4,0.2,0.6,0.325,231
2021-01-26T00:00:00.000Z,0,2.04,0.4,0.2,0.73,0.389,254
2021-01-27T00:00:00.000Z,0.1,3.67,0.73,0.5,1.12,0.55,224
2021-01-28T00:00:00.000Z,0.4,3.47,1.1,0.8,1.39,0.41,133
2021-02-27T00:00:00.000Z,0.2,1.45,0.32,0.3,0.4,0.206,90
2021-02-28T00:00:00.000Z,0.1,3,0.44,0.3,0.98,0.632,258
2021-03-01T00:00:00.000Z,0.1,2.04,0.5,0.4,0.7,0.279,241
2021-03-02T00:00:00.000Z,0.1,2.58,0.38,0.2,0.7,0.464,251
2021-03-03T00:00:00.000Z,0.1,3.38,0.73,0.46,1.3,0.748,225
2021-03-04T00:00:00.000Z,0,3,0.3,0.2,0.7,0.469,218
2021-03-05T00:00:00.000Z,0,26.3,0.3,0.15,0.52,2.276,234
2021-03-06T00:00:00.000Z,0,0.65,0.1,0.1,0.16,0.102,237
2021-03-07T00:00:00.000Z,0,1.07,0.1,0.1,0.2,0.147,144
2021-03-12T00:00:00.000Z,0.1,2.85,0.8,0.3,1.33,0.644,114
2021-03-13T00:00:00.000Z,0.4,5.2,0.9,0.7,2.02,1.074,240
2021-03-14T00:00:00.000Z,0.2,2.72,0.9,0.5,1.35,0.538,245
2021-03-15T00:00:00.000Z,0.1,4.84,0.9,0.5,1.85,1.179,214
2021-03-16T00:00:00.000Z,0.13,11.4,0.73,0.4,5.63,3.197,220
2021-03-17T00:00:00.000Z,0.3,31.45,0.88,0.6,1.25,2.027,246
2021-03-18T00:00:00.000Z,0,2.95,0.4,0.3,0.72,0.352,232
2021-03-19T00:00:00.000Z,0.1,2.08,0.3,0.2,0.45,0.265,213
2021-03-20T00:00:00.000Z,0.1,2.72,0.4,0.25,0.76,0.378,216
2021-03-21T00:00:00.000Z,0,1.88,0.2,0.1,0.3,0.25,203
2021-03-22T00:00:00.000Z,0,4.07,0.1,0.08,0.2,0.344,221
2021-03-23T00:00:00.000Z,0,1.65,0.28,0.2,0.3,0.175,296
2021-03-24T00:00:00.000Z,0.68,6.45,2.83,2.09,3.39,1.09,173
2021-03-25T00:00:00.000Z,0.2,6.75,0.75,0.5,1.1,1.486,211
2021-03-26T00:00:00.000Z,0.5,23.48,5.25,2.7,11.05,6.689,167
2021-03-27T00:00:00.000Z,0.6,49.78,27.02,19.92,35.56,11.683,148
2021-03-28T00:00:00.000Z,0,27.5,0.75,0.2,1.51,6.284,125
2021-03-29T00:00:00.000Z,0,5.47,0.3,0.1,1.59,1.275,192
2021-03-30T00:00:00.000Z,0.1,2.17,0.6,0.4,0.85,0.359,216
2021-03-31T00:00:00.000Z,0,3,0.31,0.28,1.07,0.734,196
2021-04-01T00:00:00.000Z,0,2.22,0.2,0.1,0.28,0.226,177
2021-04-02T00:00:00.000Z,0,1.08,0.2,0.1,0.3,0.165,201
2021-04-03T00:00:00.000Z,0,1.42,0.19,0.1,0.28,0.184,210
2021-04-04T00:00:00.000Z,0.1,2.33,0.5,0.3,1.14,0.499,196
2021-04-05T00:00:00.000Z,0,1.02,0.1,0.1,0.2,0.205,137
2021-04-06T00:00:00.000Z,0,0.93,0,0,0.1,0.101,237
2021-04-07T00:00:00.000Z,0,1.4,0.3,0.2,0.45,0.276,165
2021-04-08T00:00:00.000Z,0,1.05,0.28,0.1,0.47,0.212,189
2021-04-09T00:00:00.000Z,0.1,1.1,0.32,0.22,0.5,0.199,183
2021-04-10T00:00:00.000Z,0,1.05,0.2,0.1,0.3,0.165,164
2021-04-11T00:00:00.000Z,0.1,0.9,0.3,0.2,0.4,0.156,93
2021-04-12T00:00:00.000Z,0.05,10.63,0.35,0.13,1.67,2.608,86
2021-04-13T00:00:00.000Z,0.1,1.02,0.2,0.2,0.3,0.18,107
2021-04-14T00:00:00.000Z,0.08,1.55,0.3,0.2,0.56,0.334,125
2021-04-15T00:00:00.000Z,0,15.4,0.4,0.25,0.5,1.558,95
2021-04-16T00:00:00.000Z,0.1,2.7,0.4,0.3,0.5,0.323,123
2021-04-17T00:00:00.000Z,0.1,63.97,0.34,0.24,0.49,5.226,148
2021-04-18T00:00:00.000Z,0.2,24.77,0.4,0.3,0.5,2.111,133
2021-04-19T00:00:00.000Z,0.3,5.32,0.56,0.46,0.7,0.475,129
2021-04-20T00:00:00.000Z,0.2,6.85,0.4,0.3,0.54,0.632,117
2021-04-21T00:00:00.000Z,0.2,2.85,0.7,0.4,1,0.532,119
2021-04-22T00:00:00.000Z,0,2.2,0.3,0.2,0.93,0.529,114
2021-04-23T00:00:00.000Z,0,0.88,0.15,0.1,0.2,0.151,112
2021-04-24T00:00:00.000Z,0,4.57,0.12,0,0.3,0.433,124
2021-04-25T00:00:00.000Z,0,7.3,0.14,0.1,0.2,0.596,156
2021-04-26T00:00:00.000Z,0.05,0.8,0.3,0.2,0.4,0.141,137
2021-04-27T00:00:00.000Z,0.1,7.05,0.3,0.2,0.5,0.744,126
2021-04-28T00:00:00.000Z,0.1,8.05,0.4,0.2,0.7,1.223,119
2021-04-29T00:00:00.000Z,0.1,23.63,0.35,0.2,1.77,2.388,118
2021-04-30T00:00:00.000Z,0.1,1.4,0.4,0.28,0.5,0.194,100
2021-05-01T00:00:00.000Z,0.1,1.92,0.3,0.2,0.46,0.26,140
2021-05-02T00:00:00.000Z,0,7.35,0.2,0.1,0.3,0.633,132
2021-05-03T00:00:00.000Z,0.15,2.52,0.4,0.3,0.5,0.297,123
2021-05-04T00:00:00.000Z,0.22,6.18,0.7,0.4,3.9,1.937,120
2021-05-05T00:00:00.000Z,0,3.4,0.19,0.1,0.32,0.711,124
2021-05-06T00:00:00.000Z,0.1,2.92,0.5,0.3,0.9,0.485,113
2021-05-07T00:00:00.000Z,0.1,2.17,0.67,0.5,1.23,0.523,122
2021-05-08T00:00:00.000Z,0.3,267.95,0.9,0.7,1.3,24.403,119
2021-05-09T00:00:00.000Z,0.25,17.63,1.33,0.69,5.88,5.431,144
2021-05-10T00:00:00.000Z,1.05,13.18,2.78,1.85,9.07,3.869,134
2021-05-11T00:00:00.000Z,0.6,13.13,2.8,1.76,3.58,1.544,121
2021-05-12T00:00:00.000Z,0.43,15.77,1.13,0.88,1.83,1.68,114
2021-05-13T00:00:00.000Z,1.1,13.13,6.32,3.19,8.61,2.973,145
2021-05-14T00:00:00.000Z,0.3,22.92,4.7,0.69,11.84,5.149,129
2021-05-15T00:00:00.000Z,0.2,15.18,3.85,1.2,6.55,3.46,147
2021-05-16T00:00:00.000Z,0.2,9.18,0.6,0.5,5.87,2.844,149
2021-05-17T00:00:00.000Z,0.1,7.9,0.78,0.5,4.22,2.108,126
2021-05-18T00:00:00.000Z,0.2,9.35,0.5,0.3,7.6,3.59,110
2021-05-19T00:00:00.000Z,0.15,2.5,0.4,0.3,0.6,0.257,145
2021-05-20T00:00:00.000Z,0.2,2.6,0.9,0.45,1.48,0.582,155
2021-05-21T00:00:00.000Z,0.1,3.97,0.6,0.3,1.08,0.727,141
2021-05-22T00:00:00.000Z,0.1,3.85,0.43,0.3,1.21,1.074,124
2021-05-23T00:00:00.000Z,0,7.72,0.74,0.5,3.1,1.744,162
2021-05-24T00:00:00.000Z,0.1,5.13,1.58,0.45,2.67,1.241,145
2021-05-25T00:00:00.000Z,0.1,16.35,1.95,0.84,3.37,2.374,164
2021-05-26T00:00:00.000Z,0.03,3.25,0.47,0.3,0.6,0.551,163
2021-05-27T00:00:00.000Z,0,1.14,0.1,0.1,0.2,0.173,145
2021-05-28T00:00:00.000Z,0.1,584.75,4.2,1.1,5.07,46.168,158
2021-05-29T00:00:00.000Z,0.4,3.72,0.6,0.5,0.75,0.403,131
2021-05-30T00:00:00.000Z,0.4,5.35,0.84,0.6,1.58,0.772,168
2021-05-31T00:00:00.000Z,0.1,3.5,0.59,0.4,0.95,0.797,132
2021-06-01T00:00:00.000Z,0.17,6,0.5,0.4,0.6,0.47,170
2021-06-02T00:00:00.000Z,0.3,11.02,0.98,0.63,1.2,1.372,139
2021-06-03T00:00:00.000Z,0.4,3.67,0.8,0.68,1.34,0.715,148
2021-06-04T00:00:00.000Z,0.38,7.18,1.1,0.7,1.94,0.814,152
2021-06-05T00:00:00.000Z,0.5,26.85,1.45,0.97,1.92,3.364,157
2021-06-06T00:00:00.000Z,0.5,6.25,1.05,0.77,3.03,1.191,185
2021-06-07T00:00:00.000Z,1.1,5.22,2.62,2.06,3.09,0.725,316
2021-06-08T00:00:00.000Z,1.1,10.68,3.72,3,5.47,1.913,234
2021-06-09T00:00:00.000Z,1.2,11.9,7.43,3.1,9.55,3.195,254
2021-06-10T00:00:00.000Z,0.2,9.98,0.8,0.51,1.45,1.706,176
2021-06-11T00:00:00.000Z,0.4,3.8,1.13,0.8,1.55,0.63,176
2021-06-12T00:00:00.000Z,0.25,4.13,0.9,0.6,1.79,1.071,160
2021-06-13T00:00:00.000Z,0.1,4.59,0.3,0.2,0.47,0.579,158
2021-06-14T00:00:00.000Z,0.2,21.42,0.8,0.4,1.57,1.618,193
2021-06-15T00:00:00.000Z,0,1.6,0.2,0.1,0.4,0.245,192
2021-06-16T00:00:00.000Z,0.2,522,0.5,0.3,0.74,40.111,168
2021-06-17T00:00:00.000Z,0.2,2.54,0.8,0.55,1.27,0.473,234
2021-06-18T00:00:00.000Z,0.5,10.05,4.5,1.4,5.57,2.224,245
2021-06-19T00:00:00.000Z,0.1,17.6,2.33,0.89,5.47,2.903,273
2021-06-20T00:00:00.000Z,3.2,15.48,5.8,4.5,11.67,3.627,305
2021-06-21T00:00:00.000Z,0.1,11.5,4.01,1.6,7.82,3.577,268
2021-06-22T00:00:00.000Z,1.14,25.3,4.09,3.22,5.57,2.278,223
2021-06-23T00:00:00.000Z,0.47,3.28,1.48,1,1.9,0.579,287
2021-06-24T00:00:00.000Z,0.6,11.02,2.97,2.02,3.78,2.074,262
2021-06-25T00:00:00.000Z,0.2,24.13,4.43,2.79,9.07,3.821,289
2021-06-26T00:00:00.000Z,0.3,19.89,1.29,0.7,2.38,1.912,308
2021-06-27T00:00:00.000Z,0.5,538.85,2.2,1.4,3.17,56.198,302
2021-06-28T00:00:00.000Z,0.52,6.13,3.1,1.76,3.71,1.267,289
2021-06-29T00:00:00.000Z,0.6,86.65,1.92,1.33,3.44,5.194,305
2021-06-30T00:00:00.000Z,0.2,8.32,2.9,1.55,4.38,1.959,287
2021-07-01T00:00:00.000Z,0.3,3.55,0.5,0.4,0.8,0.326,261
2021-07-02T00:00:00.000Z,0.32,5.88,1.05,0.7,1.57,0.758,224
2021-07-03T00:00:00.000Z,0.47,16.35,1.7,1.1,2.15,1.212,328
2021-07-04T00:00:00.000Z,0.43,3.88,1.29,0.8,2.5,0.966,318
2021-07-05T00:00:00.000Z,0.7,5.78,1.65,1.35,2.1,0.678,258
2021-07-06T00:00:00.000Z,0.5,5.88,2.08,1.1,3.4,1.383,302
2021-07-07T00:00:00.000Z,1.75,11.98,5.28,3.08,7.37,2.485,261
2021-07-08T00:00:00.000Z,0.2,164.32,0.6,0.4,3.04,9.734,285
2021-07-09T00:00:00.000Z,0.2,7.05,0.8,0.4,1.1,0.758,327
2021-07-10T00:00:00.000Z,0.2,477.3,2.65,1.76,4,31.147,325
2021-07-11T00:00:00.000Z,0,9.05,0.7,0.4,1.15,0.874,353
2021-07-12T00:00:00.000Z,0.3,3,1.05,0.8,1.77,0.637,257
2021-07-13T00:00:00.000Z,0.4,18.98,1.3,0.6,2.35,1.618,229
2021-07-14T00:00:00.000Z,1.12,15.43,2.4,1.6,4.57,3.624,249
2021-07-15T00:00:00.000Z,3.2,17.1,7.6,5.03,10.62,3.943,301
2021-07-16T00:00:00.000Z,0.2,12.9,0.6,0.4,2.33,3.146,274
2021-07-17T00:00:00.000Z,2.04,17.17,3.7,3.03,4.98,2.585,324
2021-07-18T00:00:00.000Z,0.3,12.55,1.47,0.5,4.69,2.884,272
2021-07-19T00:00:00.000Z,0,0.82,0.2,0.1,0.3,0.144,248
2021-07-20T00:00:00.000Z,0.2,8.38,0.63,0.3,1.48,0.87,263
2021-07-21T00:00:00.000Z,0,0.82,0.1,0,0.2,0.149,293
2021-07-22T00:00:00.000Z,0.2,1.95,0.7,0.5,1.05,0.383,243
2021-07-23T00:00:00.000Z,0.1,7.88,0.4,0.3,0.7,0.585,296
2021-07-24T00:00:00.000Z,0.3,75.3,1.05,0.82,1.4,4.401,287
2021-07-25T00:00:00.000Z,0.3,6.78,0.85,0.63,1.21,0.593,321
2021-07-26T00:00:00.000Z,0.43,6.7,1.85,1.13,3.12,1.175,325
2021-07-27T00:00:00.000Z,1.2,39.79,3.88,2.72,5.9,3.004,345
2021-07-28T00:00:00.000Z,1.4,303.27,8.35,5.55,10.05,25.259,342
2021-07-29T00:00:00.000Z,0.1,5.2,0.82,0.3,2.65,1.487,299
2021-07-30T00:00:00.000Z,0.05,1.3,0.2,0.13,0.3,0.143,245
2021-07-31T00:00:00.000Z,0.3,4,1.83,1.25,2.44,0.716,264
2021-08-01T00:00:00.000Z,0.3,6.82,0.62,0.45,1.32,0.901,248
2021-08-02T00:00:00.000Z,0.1,2.52,0.4,0.2,0.56,0.381,243
2021-08-03T00:00:00.000Z,0,0.85,0.1,0.1,0.2,0.128,254
2021-08-04T00:00:00.000Z,0,1,0.28,0.1,0.32,0.149,218
2021-08-05T00:00:00.000Z,0,7.13,0.3,0.1,0.4,0.461,258
2021-08-06T00:00:00.000Z,0.1,415.15,0.3,0.2,0.4,31.264,310
2021-08-07T00:00:00.000Z,0,4.32,0.6,0.5,0.8,0.497,320
2021-08-08T00:00:00.000Z,0.3,4.2,0.7,0.5,1.62,1,289
2021-08-09T00:00:00.000Z,0.3,169.35,0.77,0.5,2.31,11.206,233
2021-08-10T00:00:00.000Z,0.2,3.53,1.58,0.95,2.1,0.74,301
2021-08-11T00:00:00.000Z,0.6,4,1.5,0.93,1.92,0.614,238
2021-08-12T00:00:00.000Z,0.5,3.65,1.2,0.94,1.6,0.666,281
2021-08-13T00:00:00.000Z,0.9,17.64,2.92,2.2,3.92,1.403,534
2021-08-14T00:00:00.000Z,0.2,6.25,0.7,0.5,1.3,1.11,450
2021-08-15T00:00:00.000Z,0,1.52,0.3,0.2,0.6,0.308,465
2021-08-16T00:00:00.000Z,0.3,999.9,0.9,0.65,1.59,102.47,520
2021-08-17T00:00:00.000Z,0.2,7.43,0.9,0.55,2.54,1.39,546
2021-08-18T00:00:00.000Z,0,12.73,0.5,0.32,0.85,2.803,451
2021-08-19T00:00:00.000Z,0,0.8,0.1,0.1,0.2,0.116,540
2021-08-20T00:00:00.000Z,0,1.35,0.17,0.1,0.4,0.21,507
2021-08-21T00:00:00.000Z,0,1.83,0.2,0.1,0.3,0.22,541
2021-08-22T00:00:00.000Z,0.1,824.33,0.3,0.2,0.47,69.877,512
2021-08-23T00:00:00.000Z,0.1,4.32,0.5,0.3,0.7,0.378,558
2021-08-24T00:00:00.000Z,0.2,3.72,0.5,0.4,0.7,0.296,484
2021-08-25T00:00:00.000Z,0,26.45,0.4,0.1,0.98,1.294,527
2021-08-26T00:00:00.000Z,0.03,5.63,2.04,0.4,2.88,1.308,387
2021-08-27T00:00:00.000Z,0.8,5.2,2.2,1.4,3.31,1.158,405
2021-08-28T00:00:00.000Z,1.4,8.02,3.6,2.25,4.2,1.173,375
2021-08-29T00:00:00.000Z,2.13,5.03,3.58,3.28,3.9,0.491,394
2021-08-30T00:00:00.000Z,1.5,450.48,2.7,2.29,3.22,25.724,533
2021-08-31T00:00:00.000Z,0.3,6,1,0.73,2.02,1.63,532
2021-09-01T00:00:00.000Z,0.2,3.83,1.58,0.95,2.17,0.816,521
2021-09-02T00:00:00.000Z,0.05,7.05,0.84,0.3,3.15,1.973,510
2021-09-03T00:00:00.000Z,0,16.82,0.4,0.2,0.75,0.843,547
2021-09-04T00:00:00.000Z,0,197.48,0.3,0.2,0.4,9.168,553
2021-09-05T00:00:00.000Z,0.1,9.44,0.38,0.2,0.6,0.779,460
2021-09-06T00:00:00.000Z,0.2,1.5,0.6,0.5,0.77,0.219,479
2021-09-07T00:00:00.000Z,0.56,6.78,1.67,1.25,2.6,0.911,450
2021-09-08T00:00:00.000Z,0.4,746.72,1.2,0.73,3.97,47.32,576
2021-09-09T00:00:00.000Z,1,10.75,4.47,3.28,6.8,2.393,502
2021-09-10T00:00:00.000Z,1.42,15.75,5.31,3.7,8.5,3.182,570
2021-09-11T00:00:00.000Z,4.15,155.8,8.15,6.32,13.06,9.64,564
2021-09-12T00:00:00.000Z,0.1,24.3,3.83,1.3,7.81,6.693,569
2021-09-13T00:00:00.000Z,0,2.8,0.28,0.2,0.4,0.254,564
2021-09-14T00:00:00.000Z,0.1,34.17,0.3,0.2,0.4,2.329,583
2021-09-15T00:00:00.000Z,0,103.75,0.3,0.2,0.52,5.549,570
2021-09-16T00:00:00.000Z,0.1,32.79,0.56,0.35,0.75,2.392,568
2021-09-17T00:00:00.000Z,0.2,19.25,1.65,1.05,2.1,1.738,562
2021-09-18T00:00:00.000Z,0.1,4.13,0.6,0.3,0.9,0.396,571
2021-09-19T00:00:00.000Z,0.38,3.25,1.25,0.7,1.77,0.645,564
2021-09-20T00:00:00.000Z,0.4,16.25,1.67,1.25,2.42,1.039,564
2021-09-21T00:00:00.000Z,0.5,15.1,2.54,1.4,3.43,1.297,576
2021-09-22T00:00:00.000Z,0.1,33.83,1.2,0.75,2.85,1.817,576
2021-09-23T00:00:00.000Z,0,3.85,0.5,0.1,1.75,0.895,578
2021-09-24T00:00:00.000Z,0,2.4,0.14,0.1,0.3,0.393,566
2021-09-25T00:00:00.000Z,0,7.28,0.56,0.3,1.67,0.931,574
2021-09-26T00:00:00.000Z,0,1.8,0.2,0,0.3,0.21,554
2021-09-27T00:00:00.000Z,0,8.23,0.2,0.1,0.67,0.89,473
2021-09-28T00:00:00.000Z,0.4,16.67,1,0.6,2.33,1.652,573
2021-09-29T00:00:00.000Z,1.8,6.3,3.25,2.7,3.75,0.844,563
2021-09-30T00:00:00.000Z,0.2,8.9,4.22,2.13,5.53,2.257,553
2021-10-01T00:00:00.000Z,0.1,2.6,0.6,0.47,0.9,0.368,548
2021-10-02T00:00:00.000Z,0.6,14.6,3.25,2.04,9.85,4.359,551
2021-10-03T00:00:00.000Z,6.55,21.98,11.88,10.4,16.8,3.786,555
2021-10-04T00:00:00.000Z,10.23,20.13,14.13,12.23,16,2.391,553
2021-10-05T00:00:00.000Z,0.22,13.7,3.72,1,7.38,3.867,576
2021-10-06T00:00:00.000Z,0.1,15.73,1.41,0.6,6.38,3.742,580
2021-10-07T00:00:00.000Z,0.52,5.57,3.05,1.95,4.13,1.293,574
2021-10-08T00:00:00.000Z,0.3,23.88,1.6,1.12,5.78,2.953,570
2021-10-09T00:00:00.000Z,1.1,8.25,4.3,3.14,5.37,1.505,564
2021-10-10T00:00:00.000Z,1.98,14.82,4.19,3.2,8.11,3.597,568
2021-10-11T00:00:00.000Z,0.2,10.02,1.8,0.84,7.34,3.243,577
2021-10-12T00:00:00.000Z,0,5.15,0.2,0.13,0.38,0.393,570
2021-10-13T00:00:00.000Z,0,2.65,0.3,0.2,0.56,0.356,566
2021-10-14T00:00:00.000Z,0,1.9,0.4,0.2,0.7,0.345,564
2021-10-15T00:00:00.000Z,0,6.28,0.22,0.1,0.5,0.349,567
2021-10-16T00:00:00.000Z,0,3.35,0.2,0.1,0.28,0.248,571
2021-10-17T00:00:00.000Z,0,1.25,0.1,0.1,0.2,0.144,573
2021-10-18T00:00:00.000Z,0,3.17,0.25,0.1,0.82,0.584,550
2021-10-19T00:00:00.000Z,0.08,22.6,0.54,0.3,1.55,4.571,582
2021-10-20T00:00:00.000Z,0,4.05,0.5,0.3,0.85,0.735,559
2021-10-21T00:00:00.000Z,0,2.25,0.6,0.2,0.85,0.419,571
2021-10-22T00:00:00.000Z,0,1.65,0.1,0,0.2,0.183,567
2021-10-23T00:00:00.000Z,0.1,7.5,0.4,0.2,0.73,0.561,556
2021-10-24T00:00:00.000Z,0,2.42,0.5,0.3,0.85,0.465,565
2021-10-25T00:00:00.000Z,0.4,5.82,1.8,1.02,3.67,1.522,570
2021-10-26T00:00:00.000Z,0.2,11.25,2.95,0.73,7.15,3.675,567
2021-10-27T00:00:00.000Z,0.1,2.7,0.8,0.4,1.26,0.519,556
2021-10-28T00:00:00.000Z,0.1,5.32,0.93,0.45,1.7,1.076,542
2021-10-29T00:00:00.000Z,5.13,52.22,13.98,10.32,19.64,6.697,560
2021-10-30T00:00:00.000Z,12.15,34.38,23.9,18.76,27.37,4.852,573
2021-10-31T00:00:00.000Z,6.35,41.7,13.69,9.07,26.99,9.744,544
2021-11-01T00:00:00.000Z,7.25,29.08,16.02,12.76,22.05,5.317,537
2021-11-02T00:00:00.000Z,17.23,34.38,25.13,22.7,26.72,3.42,497
2021-11-03T00:00:00.000Z,0.7,39.92,18.98,12.85,23.72,7.702,532
2021-11-04T00:00:00.000Z,0.2,5.07,2.02,0.85,3,1.254,574
2021-11-05T00:00:00.000Z,0.1,5.13,0.4,0.3,0.6,0.404,567
2021-11-06T00:00:00.000Z,0,1.7,0.2,0.2,0.47,0.287,563
2021-11-07T00:00:00.000Z,0,4.8,0.2,0.1,0.3,0.293,549
2021-11-08T00:00:00.000Z,0.1,13.23,0.8,0.4,2.17,1.848,469
2021-11-09T00:00:00.000Z,0.1,19.1,0.5,0.3,1.02,2.646,550
2021-11-10T00:00:00.000Z,0,1.95,0.3,0.1,0.6,0.319,534
2021-11-11T00:00:00.000Z,0,10.55,0.6,0.43,0.82,0.663,522
2021-11-12T00:00:00.000Z,0,4.84,0.1,0,0.6,0.714,505
2021-11-13T00:00:00.000Z,0.1,3.7,0.75,0.5,1.7,0.801,542
2021-11-14T00:00:00.000Z,0.1,5.3,1.17,0.43,1.88,0.907,549
2021-11-15T00:00:00.000Z,0.1,1.67,0.4,0.3,0.6,0.269,541
2021-11-16T00:00:00.000Z,0.5,6.72,3.08,1.88,4.15,1.484,527
2021-11-17T00:00:00.000Z,0.5,4.82,1.52,1,2.35,0.901,410
2021-11-18T00:00:00.000Z,0,2.27,0.2,0.2,0.3,0.171,505
2021-11-19T00:00:00.000Z,0,3.97,0.47,0.3,1,0.82,479
2021-11-20T00:00:00.000Z,0,3.05,0.2,0,0.47,0.349,517
2021-11-21T00:00:00.000Z,0,2.45,0.25,0.1,0.43,0.317,557
2021-11-22T00:00:00.000Z,0,1.58,0.2,0.13,0.32,0.208,555
2021-11-23T00:00:00.000Z,0,2.42,0.3,0.2,0.4,0.25,552
2021-11-24T00:00:00.000Z,0,6.9,0.2,0.1,0.51,0.442,544
2021-11-25T00:00:00.000Z,0,1.8,0.3,0.1,0.5,0.297,559
2021-11-26T00:00:00.000Z,0.15,3.65,0.55,0.4,1,0.566,566
2021-11-27T00:00:00.000Z,0.1,4.47,0.5,0.3,0.7,0.348,555
2021-11-28T00:00:00.000Z,0.15,10.55,0.5,0.3,1.05,0.764,544
2021-11-29T00:00:00.000Z,0.3,3.88,0.64,0.5,0.9,0.374,558
2021-11-30T00:00:00.000Z,0.2,2.58,0.68,0.47,0.9,0.357,547
2021-12-01T00:00:00.000Z,0.2,4.8,1.12,0.7,1.7,0.735,531
2021-12-02T00:00:00.000Z,0.1,5.5,0.6,0.3,1.75,0.992,531
2021-12-03T00:00:00.000Z,0.7,3.28,1.3,1,1.85,0.548,243
2021-12-04T00:00:00.000Z,0.3,4.95,1.6,1.1,2.52,0.974,533
2021-12-05T00:00:00.000Z,0.2,1.73,0.5,0.4,0.7,0.271,520
2021-12-06T00:00:00.000Z,0.2,6.57,0.82,0.5,2.52,1.198,553
2021-12-07T00:00:00.000Z,1.52,9.6,2.72,2.25,4.59,1.935,547
2021-12-08T00:00:00.000Z,0.4,15.32,1.57,1.08,2.96,1.536,528
2021-12-09T00:00:00.000Z,0.3,14.02,0.95,0.7,1.33,1.458,547
2021-12-10T00:00:00.000Z,0.32,15.75,2.67,1.48,5.7,3.17,509
2021-12-11T00:00:00.000Z,0.1,30.15,2.8,0.67,11.45,6.699,547
2021-12-12T00:00:00.000Z,4.43,33.79,13.05,11.77,15.27,3.666,473
2021-12-13T00:00:00.000Z,0.3,11.93,4.03,2.89,4.96,1.631,449
2021-12-14T00:00:00.000Z,0.2,7.05,0.9,0.7,1.66,1.706,493
2021-12-15T00:00:00.000Z,0.1,2,0.7,0.4,1,0.407,531
2021-12-16T00:00:00.000Z,0,1.23,0.2,0.1,0.3,0.162,530
2021-12-17T00:00:00.000Z,0,2.33,0.47,0.2,0.7,0.375,534
2021-12-18T00:00:00.000Z,0,1.88,0.2,0.1,0.3,0.207,519
2021-12-19T00:00:00.000Z,0,2.2,0.2,0.1,0.3,0.232,527
2021-12-20T00:00:00.000Z,0.1,3.17,0.4,0.2,0.7,0.431,524
2021-12-21T00:00:00.000Z,0.1,28.75,0.9,0.4,2.04,1.541,542
2021-12-22T00:00:00.000Z,0.2,9.13,2,1.52,2.67,1.156,544
2021-12-23T00:00:00.000Z,0.2,2.4,0.7,0.45,1.02,0.393,511
2021-12-24T00:00:00.000Z,0,2.7,0.1,0,0.2,0.2,529
2021-12-25T00:00:00.000Z,0,1.58,0.2,0.1,0.4,0.207,524
2021-12-26T00:00:00.000Z,0.1,3.35,0.4,0.2,0.82,0.604,544
2021-12-27T00:00:00.000Z,0.4,8.13,1.42,0.93,3.12,1.589,560
2021-12-28T00:00:00.000Z,0.63,18.2,2.45,1.75,6.13,3.796,550
2021-12-29T00:00:00.000Z,12.4,35.13,23.15,17.87,26.1,4.548,561
2021-12-30T00:00:00.000Z,0.9,22.98,7.84,2.35,14.35,6.293,558
2021-12-31T00:00:00.000Z,0.2,21.4,0.9,0.47,1.58,2.671,556
2022-01-01T00:00:00.000Z,0.1,13.52,0.56,0.3,1.2,2.148,561
2022-01-02T00:00:00.000Z,0,27.6,1.65,0.2,4.15,2.312,551
2022-01-03T00:00:00.000Z,0.3,3.65,0.98,0.62,1.4,0.556,552
2022-01-04T00:00:00.000Z,0,4.22,0.52,0.38,0.8,0.445,550
2022-01-05T00:00:00.000Z,0.2,2.25,0.5,0.4,0.7,0.303,564
2022-01-06T00:00:00.000Z,0,1.05,0.2,0.1,0.38,0.191,575
2022-01-07T00:00:00.000Z,0.08,16.32,0.47,0.3,0.67,0.853,569
2022-01-08T00:00:00.000Z,0,92.7,3,0.2,7.3,5.916,530
2022-01-09T00:00:00.000Z,1.23,7.3,3.4,2.67,4.5,1.241,525
2022-01-10T00:00:00.000Z,1.52,7,3.97,3.22,4.8,1.036,540
2022-01-11T00:00:00.000Z,1.1,10.95,3.42,2.4,4.75,1.608,555
2022-01-12T00:00:00.000Z,0.5,15.1,2.12,1,9.76,4.726,564
2022-01-13T00:00:00.000Z,0.1,1.92,0.4,0.3,0.6,0.273,555
2022-01-14T00:00:00.000Z,0,1.23,0.1,0.1,0.2,0.144,540
2022-01-15T00:00:00.000Z,0,1.73,0.3,0.1,0.5,0.275,549
2022-01-16T00:00:00.000Z,0,2.52,0.4,0.2,0.9,0.505,551
2022-01-17T00:00:00.000Z,0,1.95,0.2,0.1,0.3,0.196,560
2022-01-18T00:00:00.000Z,0.08,1.73,0.3,0.2,0.47,0.249,556
2022-01-19T00:00:00.000Z,0,3.22,0.95,0.7,1.3,0.553,547
2022-01-20T00:00:00.000Z,0,1.55,0.2,0.1,0.3,0.197,564
2022-01-21T00:00:00.000Z,0,1.77,0.3,0.2,0.47,0.231,534
2022-01-22T00:00:00.000Z,0.2,2.5,0.55,0.4,0.94,0.457,556
2022-01-23T00:00:00.000Z,0.4,8.05,2,0.9,3.17,1.554,545
2022-01-24T00:00:00.000Z,0.2,4.2,0.75,0.4,1.48,0.911,555
2022-01-25T00:00:00.000Z,0.17,6.93,0.82,0.5,1.2,0.633,551
2022-01-26T00:00:00.000Z,0.17,4.5,1.05,0.4,2.29,1.01,525
2022-01-27T00:00:00.000Z,0,4.2,0.7,0.4,1.25,0.745,563
2022-01-28T00:00:00.000Z,0,4.59,0.3,0.2,0.4,0.343,560
2022-01-29T00:00:00.000Z,0,7.65,0.3,0.2,0.4,0.455,552
2022-01-30T00:00:00.000Z,0,0.85,0.1,0,0.2,0.143,563
2022-01-31T00:00:00.000Z,0,1.55,0.3,0.2,0.35,0.162,568
2022-02-01T00:00:00.000Z,0.1,1.83,0.5,0.3,0.88,0.358,532
2022-02-02T00:00:00.000Z,0.22,5.28,1.4,0.93,2.02,0.721,527
2022-02-03T00:00:00.000Z,0.1,19.02,1.8,1.3,2.58,1.574,511
2022-02-04T00:00:00.000Z,0.1,35.6,0.65,0.3,1.7,2.491,548
2022-02-05T00:00:00.000Z,0.1,2.85,0.52,0.32,0.93,0.441,555
2022-02-06T00:00:00.000Z,0,2.58,0.4,0.3,0.6,0.323,554
2022-02-07T00:00:00.000Z,0,1.65,0.2,0.2,0.32,0.186,559
2022-02-08T00:00:00.000Z,0,1.67,0.3,0.2,0.4,0.232,557
2022-02-09T00:00:00.000Z,0.1,2.42,0.5,0.3,0.85,0.43,531
2022-02-10T00:00:00.000Z,0.1,2.88,0.5,0.38,0.73,0.329,533
2022-02-11T00:00:00.000Z,0.1,2.78,0.28,0.2,0.4,0.23,543
2022-02-12T00:00:00.000Z,0,5.35,0.65,0.4,0.88,0.476,559
2022-02-13T00:00:00.000Z,0.5,4.72,1.17,0.9,1.67,0.714,568
2022-02-14T00:00:00.000Z,1.02,42.25,5.49,4.34,7.85,4.619,574
2022-02-15T00:00:00.000Z,0.1,8.43,3.03,1,4,1.867,584
2022-02-16T00:00:00.000Z,0,10.32,0.9,0.5,2.49,1.431,576
2022-02-17T00:00:00.000Z,0,2.42,0.2,0.1,0.3,0.273,573
2022-02-18T00:00:00.000Z,0,2.08,0.2,0.1,0.56,0.383,571
2022-02-19T00:00:00.000Z,0,2.78,0.4,0.28,0.5,0.319,569
2022-02-20T00:00:00.000Z,0.1,2.63,0.5,0.4,0.8,0.337,565
2022-02-21T00:00:00.000Z,0,2.04,0.17,0.1,0.3,0.239,571
2022-02-22T00:00:00.000Z,0,4.03,0.7,0.47,1.23,0.868,583
2022-02-23T00:00:00.000Z,0.1,8.43,0.7,0.5,1.02,0.751,577
2022-02-24T00:00:00.000Z,0.1,1.65,0.5,0.3,0.7,0.307,571
2022-02-25T00:00:00.000Z,0.1,2.38,0.5,0.3,0.77,0.432,560
2022-02-26T00:00:00.000Z,0.1,41.47,0.32,0.2,0.56,5.127,582
2022-02-27T00:00:00.000Z,0.1,1.95,0.3,0.2,0.5,0.235,575
2022-02-28T00:00:00.000Z,0.1,4.65,0.4,0.25,0.6,0.381,565
2022-03-01T00:00:00.000Z,0.3,10.77,1.65,0.8,2.85,2.532,578
2022-03-02T00:00:00.000Z,0.2,7.82,1.94,0.9,5.7,2.471,556
2022-03-03T00:00:00.000Z,0.08,2.45,0.3,0.2,0.4,0.221,564
2022-03-04T00:00:00.000Z,0,2.63,0.28,0.2,0.47,0.369,565
2022-03-05T00:00:00.000Z,0.08,3.88,0.28,0.2,0.6,0.566,572
2022-03-06T00:00:00.000Z,0.05,2.72,0.22,0.2,0.5,0.5,563
2022-03-07T00:00:00.000Z,0.1,2.15,0.3,0.2,0.43,0.224,582
2022-03-08T00:00:00.000Z,0.2,4.07,0.6,0.4,1.1,0.55,558
2022-03-09T00:00:00.000Z,0.3,4.63,1.08,0.7,1.52,0.754,563
2022-03-10T00:00:00.000Z,0.1,3.65,0.9,0.4,1.73,0.82,579
2022-03-11T00:00:00.000Z,0.6,6.35,3.08,1.82,4.03,1.375,565
2022-03-12T00:00:00.000Z,0.5,23.4,2.21,1.3,3.35,2.461,566
2022-03-13T00:00:00.000Z,0.03,10.73,6.95,1.02,8.61,3.677,560
2022-03-14T00:00:00.000Z,3.08,78.68,13.25,8.1,17.52,7.64,571
2022-03-15T00:00:00.000Z,9.02,25.58,16.44,14.19,19.19,3.59,568
2022-03-16T00:00:00.000Z,11.68,40.88,15.55,14.65,16.67,2.461,563
2022-03-17T00:00:00.000Z,2.6,16.77,8.73,5.73,12,3.488,561
2022-03-18T00:00:00.000Z,0.25,21.85,0.95,0.55,10.77,7.163,553
2022-03-19T00:00:00.000Z,0.1,4.47,0.4,0.3,0.5,0.313,572
2022-03-20T00:00:00.000Z,0.2,7.75,0.45,0.38,0.68,0.811,555
2022-03-21T00:00:00.000Z,3.63,20.95,11.21,8.1,13.5,3.89,534
2022-03-22T00:00:00.000Z,9.82,29.55,12.8,11.85,16.48,3.299,579
2022-03-23T00:00:00.000Z,1.63,19.13,3.72,3.03,7.31,4.37,560
2022-03-24T00:00:00.000Z,2.1,15.63,3.5,3.13,3.83,0.714,551
2022-03-25T00:00:00.000Z,0.1,8.63,4.22,0.7,6.57,2.699,568
2022-03-26T00:00:00.000Z,0.03,2.54,0.3,0.2,0.45,0.266,576
2022-03-27T00:00:00.000Z,0,1.08,0.2,0.2,0.3,0.141,558
2022-03-28T00:00:00.000Z,0.08,5.6,0.3,0.2,0.9,0.865,570
2022-03-29T00:00:00.000Z,0.1,1.4,0.3,0.2,0.4,0.192,571
2022-03-30T00:00:00.000Z,0.03,7.32,0.3,0.2,0.5,0.492,568
2022-03-31T00:00:00.000Z,0.08,1.98,0.4,0.3,0.64,0.298,577
2022-04-01T00:00:00.000Z,0.1,18.42,0.63,0.32,0.89,0.882,537
2022-04-02T00:00:00.000Z,0,5.25,0.5,0.2,1.12,0.639,515
2022-04-03T00:00:00.000Z,0,1.4,0.1,0.1,0.2,0.149,570
2022-04-04T00:00:00.000Z,0,1.55,0.2,0.08,0.6,0.345,576
2022-04-05T00:00:00.000Z,0,0.95,0.1,0.08,0.13,0.093,565
2022-04-06T00:00:00.000Z,0,1.17,0.1,0.1,0.3,0.18,573
2022-04-07T00:00:00.000Z,0,4.97,0.28,0.2,0.4,0.642,581
2022-04-08T00:00:00.000Z,0,2.27,0.2,0.1,0.4,0.404,577
2022-04-09T00:00:00.000Z,0,2.33,0.2,0.17,0.3,0.165,559
2022-04-10T00:00:00.000Z,0,0.85,0.1,0,0.1,0.092,580
2022-04-11T00:00:00.000Z,0,1.9,0.2,0.1,0.3,0.269,576
2022-04-12T00:00:00.000Z,0,1.83,0.3,0.2,0.43,0.231,580
2022-04-13T00:00:00.000Z,0.1,3.15,0.32,0.22,0.5,0.256,570
2022-04-14T00:00:00.000Z,0.2,6.8,2.7,1.3,4.21,1.62,564
2022-04-15T00:00:00.000Z,0,1.77,0.2,0.1,0.4,0.311,575
2022-04-16T00:00:00.000Z,0,2.92,0.1,0.1,0.2,0.171,577
2022-04-17T00:00:00.000Z,0,602.25,0.2,0.13,0.35,54.704,564
2022-04-18T00:00:00.000Z,0.1,2.13,0.4,0.3,0.6,0.321,570
2022-04-19T00:00:00.000Z,0.1,1.27,0.3,0.2,0.4,0.169,568
2022-04-20T00:00:00.000Z,0.2,3.3,0.6,0.5,0.8,0.304,568
2022-04-21T00:00:00.000Z,0.1,8.93,0.4,0.3,0.47,0.473,569
2022-04-22T00:00:00.000Z,0.1,1.88,0.4,0.28,0.5,0.211,574
2022-04-23T00:00:00.000Z,0.1,46.45,0.3,0.22,0.5,3.595,571
2022-04-24T00:00:00.000Z,0.1,101.97,0.6,0.3,1.1,5.644,582
2022-04-25T00:00:00.000Z,0.2,2.9,0.7,0.5,1.08,0.496,544
2022-04-26T00:00:00.000Z,0,1.7,0.2,0.1,0.3,0.179,557
2022-04-27T00:00:00.000Z,0,2.95,0.2,0.15,0.3,0.213,567
2022-04-28T00:00:00.000Z,0,14.95,0.3,0.2,0.43,1.202,560
2022-04-29T00:00:00.000Z,0,4.15,0.2,0.1,0.3,0.372,568
2022-04-30T00:00:00.000Z,0.1,19.52,0.3,0.2,1.2,1.331,579
2022-05-01T00:00:00.000Z,0,17.05,0.3,0.2,0.6,1.24,524
2022-05-02T00:00:00.000Z,0,2.78,0.25,0.2,0.3,0.199,454
2022-05-03T00:00:00.000Z,0,1.17,0.22,0.2,0.35,0.165,531
2022-05-04T00:00:00.000Z,0,2.45,0.3,0.2,0.4,0.266,576
2022-05-05T00:00:00.000Z,0.3,27.77,0.9,0.7,1.12,1.702,564
2022-05-06T00:00:00.000Z,0.3,6.6,0.9,0.7,1.2,0.682,565
2022-05-07T00:00:00.000Z,0.1,7.05,0.56,0.3,2.57,1.756,580
2022-05-08T00:00:00.000Z,0,2.02,0.2,0.13,0.25,0.149,565
2022-05-09T00:00:00.000Z,0.1,710.1,0.35,0.28,0.5,42.495,532
2022-05-10T00:00:00.000Z,0.2,5.2,1.33,0.5,2.65,1.336,509
2022-05-11T00:00:00.000Z,0.3,5.63,0.9,0.6,1.3,0.687,513
2022-05-12T00:00:00.000Z,0,2.67,0.38,0.2,0.99,0.662,517
2022-05-13T00:00:00.000Z,0.1,1.5,0.4,0.2,0.6,0.259,534
2022-05-14T00:00:00.000Z,0,6.03,0.4,0.2,0.5,0.432,546
2022-05-15T00:00:00.000Z,0,1.14,0.1,0.1,0.2,0.163,535
2022-05-16T00:00:00.000Z,0,1.5,0.2,0.1,0.28,0.147,531
2022-05-17T00:00:00.000Z,0,6.47,0.2,0.17,0.3,0.386,532
2022-05-18T00:00:00.000Z,0.1,787.17,0.3,0.2,0.38,35.481,533
2022-05-19T00:00:00.000Z,0.1,25.75,0.68,0.45,1.12,1.247,516
2022-05-20T00:00:00.000Z,0.35,8.5,1.23,0.75,2.1,0.899,531
2022-05-21T00:00:00.000Z,0.3,4.55,0.7,0.6,0.8,0.322,524
2022-05-22T00:00:00.000Z,0.28,15.8,0.7,0.5,0.9,0.767,513
2022-05-23T00:00:00.000Z,0.3,15.48,0.76,0.56,1,0.732,530
2022-05-24T00:00:00.000Z,0.32,7.2,1,0.7,1.5,0.769,524
2022-05-25T00:00:00.000Z,0.05,5.3,0.7,0.4,2.8,1.509,498
2022-05-26T00:00:00.000Z,0,1.1,0.2,0.2,0.3,0.153,519
2022-05-27T00:00:00.000Z,0,1.35,0.2,0.1,0.4,0.248,492
2022-05-28T00:00:00.000Z,0.1,2.8,0.76,0.43,1.2,0.567,530
2022-05-29T00:00:00.000Z,0.08,1.58,0.3,0.2,0.4,0.209,450
2022-05-30T00:00:00.000Z,0,11.9,0.38,0.2,0.5,0.684,477
2022-05-31T00:00:00.000Z,0.5,7.9,2.5,1.45,4.07,1.648,483
2022-06-01T00:00:00.000Z,0.1,6.43,0.6,0.4,1.14,0.597,488
2022-06-02T00:00:00.000Z,0.4,3.95,1.73,1.17,2.25,0.676,195
2022-06-03T00:00:00.000Z,0.4,999.9,1.63,1.01,2.87,58.217,325
2022-06-04T00:00:00.000Z,0.1,3.03,0.8,0.43,1,0.457,442
2022-06-05T00:00:00.000Z,0,736.95,0.4,0.13,0.6,39.886,458
2022-06-06T00:00:00.000Z,0,18.88,0.2,0.1,0.3,1.064,371
2022-06-07T00:00:00.000Z,0.1,3.22,0.51,0.3,1.77,0.838,532
2022-06-08T00:00:00.000Z,0.1,20.02,0.5,0.28,5.87,5.224,509
2022-06-09T00:00:00.000Z,0.2,1.63,0.7,0.5,0.9,0.26,503
2022-06-10T00:00:00.000Z,0.56,4.97,1.2,0.9,1.7,0.74,483
2022-06-11T00:00:00.000Z,0.38,5.18,0.9,0.7,1.1,0.465,462
2022-06-12T00:00:00.000Z,0.2,746.22,0.63,0.4,1.1,42.117,485
2022-06-13T00:00:00.000Z,0.1,2.08,0.4,0.28,0.8,0.359,477
2022-06-14T00:00:00.000Z,0,3,0.3,0.2,0.4,0.287,366
2022-06-15T00:00:00.000Z,0,9.73,0.4,0.2,0.6,0.818,498
2022-06-16T00:00:00.000Z,0,2.63,0.4,0.3,0.7,0.376,498
2022-06-17T00:00:00.000Z,0,7.5,0.4,0.2,0.6,0.443,425
2022-06-18T00:00:00.000Z,0.13,9.02,0.95,0.4,4.34,2.673,513
2022-06-19T00:00:00.000Z,0,21.3,0.2,0.1,0.3,1.035,452
2022-06-20T00:00:00.000Z,0.1,2.04,0.45,0.3,0.7,0.32,388
2022-06-21T00:00:00.000Z,0.2,2.93,0.75,0.5,1.2,0.546,367
2022-06-22T00:00:00.000Z,0.3,4.28,0.9,0.65,1.95,0.992,363
2022-06-23T00:00:00.000Z,0.3,6.75,0.7,0.5,1,0.609,308
2022-06-24T00:00:00.000Z,0.2,11.73,0.95,0.4,1.8,1.154,562
2022-06-25T00:00:00.000Z,0.4,11.57,1.5,0.9,2.97,1.646,571
2022-06-26T00:00:00.000Z,0.6,6.93,1.9,1.23,3,1.094,577
2022-06-27T00:00:00.000Z,0.6,10.68,2.35,1.5,3.78,1.275,555
2022-06-28T00:00:00.000Z,0.2,9.5,2.42,0.82,3.72,1.797,551
2022-06-29T00:00:00.000Z,0.3,16.52,2.63,1.6,5.42,3.039,545
2022-06-30T00:00:00.000Z,2.65,26.8,10.49,7.3,14.77,5.383,566
2022-07-01T00:00:00.000Z,2.13,14.02,5.45,4.13,8.85,2.785,564
2022-07-02T00:00:00.000Z,0,14.68,0.4,0.2,6.18,4.698,553
2022-07-03T00:00:00.000Z,0.1,14.57,0.35,0.2,0.5,0.901,522
2022-07-04T00:00:00.000Z,0.1,7.18,0.4,0.3,0.56,0.401,562
2022-07-05T00:00:00.000Z,0,1.27,0.17,0.1,0.2,0.129,537
2022-07-06T00:00:00.000Z,0,977.85,0.2,0.1,0.32,56.094,542
2022-07-07T00:00:00.000Z,0,1.52,0.2,0.1,0.3,0.137,374
2022-07-08T00:00:00.000Z,0,8.82,0.2,0.2,0.35,0.533,539
2022-07-09T00:00:00.000Z,0,2,0.13,0.1,0.2,0.159,534
2022-07-10T00:00:00.000Z,0,15.38,0.1,0,0.3,0.93,551
2022-07-11T00:00:00.000Z,0,4,0.28,0.12,0.35,0.313,553
2022-07-12T00:00:00.000Z,0,2.38,0.2,0.1,0.3,0.218,566
2022-07-13T00:00:00.000Z,0.1,393.17,0.5,0.38,0.6,28.38,513
2022-07-14T00:00:00.000Z,0,13.9,0.1,0.1,0.2,0.629,532
2022-07-15T00:00:00.000Z,0,1.25,0.03,0,0.1,0.105,513
2022-07-16T00:00:00.000Z,0,2.13,0,0,0.1,0.179,574
2022-07-17T00:00:00.000Z,0,0.6,0,0,0.1,0.082,577
2022-07-18T00:00:00.000Z,0,4.07,0.77,0.4,1.4,1.071,559
2022-07-19T00:00:00.000Z,0.08,6,0.5,0.2,3.83,1.864,574
2022-07-20T00:00:00.000Z,0.2,10.23,1.8,1.25,2.45,0.973,579
2022-07-21T00:00:00.000Z,0.8,28.42,3.28,2.8,4.07,1.83,574
2022-07-22T00:00:00.000Z,2.97,22.6,5.77,5.25,6.22,1.695,578
2022-07-23T00:00:00.000Z,0.03,16.2,0.4,0.3,0.77,2.265,570
2022-07-24T00:00:00.000Z,0,18.48,0.3,0.2,0.59,0.928,564
2022-07-25T00:00:00.000Z,0.7,31.48,1.73,1.38,2.22,2.078,580
2022-07-26T00:00:00.000Z,0,9.75,0.65,0.2,3.9,2.08,575
2022-07-27T00:00:00.000Z,0,34.28,0.22,0.1,0.4,2.667,570
2022-07-28T00:00:00.000Z,0,23.98,0.1,0.1,0.2,1.773,570
2022-07-29T00:00:00.000Z,0,56.05,0.1,0.1,0.2,3.909,561
2022-07-30T00:00:00.000Z,0.1,61.05,0.2,0.2,0.31,4.067,569
2022-07-31T00:00:00.000Z,0,110.8,0.2,0.1,0.2,4.904,582
2022-08-01T00:00:00.000Z,0.1,56.15,0.3,0.2,0.4,3.769,511
2022-08-02T00:00:00.000Z,0,39.28,0.32,0.13,0.6,2.403,542
2022-08-03T00:00:00.000Z,0.1,22.8,0.4,0.3,1,1.582,562
2022-08-04T00:00:00.000Z,0.2,24.67,1.02,0.4,3,2.717,455
2022-08-05T00:00:00.000Z,0.1,70.55,3.66,1.8,8.35,4.656,562
2022-08-06T00:00:00.000Z,0,3.7,0.2,0.1,0.35,0.342,551
2022-08-07T00:00:00.000Z,0,1.8,0.3,0.2,0.5,0.267,447
2022-08-08T00:00:00.000Z,0.1,6.68,0.82,0.4,1.72,1.818,516
2022-08-09T00:00:00.000Z,0.1,107.47,0.5,0.38,1.12,5.292,559
2022-08-10T00:00:00.000Z,0.13,9.25,0.6,0.4,0.82,1.523,469
2022-08-11T00:00:00.000Z,0.1,1.25,0.4,0.3,0.6,0.205,451
2022-08-12T00:00:00.000Z,0.3,7.15,0.7,0.6,0.9,0.525,556
2022-08-13T00:00:00.000Z,0.1,26.4,0.6,0.45,1.69,2.434,580
2022-08-14T00:00:00.000Z,0.1,999.9,0.6,0.38,1,85.045,546
2022-08-15T00:00:00.000Z,1.12,144.35,3.3,2.5,4.13,8.341,468
2022-08-16T00:00:00.000Z,3.6,43.38,8.07,5.8,9.4,2.82,583
2022-08-17T00:00:00.000Z,2.22,21.17,9.57,5.03,12.5,5.049,431
2022-08-18T00:00:00.000Z,2.6,44.65,8.82,6.22,10.38,3.582,466
2022-08-19T00:00:00.000Z,1.73,36.75,8.53,3.55,13.85,5.71,580
2022-08-20T00:00:00.000Z,0.2,16.35,6.47,4.72,8.74,3.879,536
2022-08-21T00:00:00.000Z,0.1,1.6,0.5,0.32,0.6,0.236,514
2022-08-22T00:00:00.000Z,0.05,11.75,0.43,0.24,0.6,0.876,349
2022-08-23T00:00:00.000Z,0.1,75.95,0.47,0.3,0.7,4.832,536
2022-08-24T00:00:00.000Z,0,481.02,0.3,0.2,0.43,25.666,475
2022-08-25T00:00:00.000Z,0.1,150.68,0.4,0.2,0.63,6.997,499
2022-08-26T00:00:00.000Z,0.1,20.75,0.6,0.4,1.49,2.21,552
2022-08-27T00:00:00.000Z,0.68,23.88,6.75,5.13,7.77,2.47,540
2022-08-28T00:00:00.000Z,0.1,11.05,0.4,0.3,0.6,0.538,541
2022-08-29T00:00:00.000Z,0,2.27,0.2,0.1,0.3,0.205,524
2022-08-30T00:00:00.000Z,0,3.05,0.2,0.1,0.3,0.239,540
2022-08-31T00:00:00.000Z,0,2.15,0.2,0.1,0.35,0.226,527
2022-09-01T00:00:00.000Z,0,2.58,0.2,0.1,0.25,0.174,502
2022-09-02T00:00:00.000Z,0,3.65,0.1,0.1,0.22,0.274,464
2022-09-03T00:00:00.000Z,0,1,0.2,0.1,0.3,0.144,387
2022-09-04T00:00:00.000Z,0,15.48,0.28,0.1,0.4,1.674,217
2022-09-05T00:00:00.000Z,0,4.32,0.3,0.2,0.4,0.306,345
2022-09-06T00:00:00.000Z,0.1,0.9,0.2,0.2,0.3,0.123,264
2023-02-05T00:00:00.000Z,0.3,2.47,0.9,0.7,1.25,0.407,167
2023-02-06T00:00:00.000Z,0.2,2.1,0.7,0.4,0.98,0.353,462
2023-02-07T00:00:00.000Z,0.9,7,2.39,1.9,3.4,1.183,464
2023-02-08T00:00:00.000Z,0.77,8.63,3.1,2.22,5.15,1.816,413
2023-02-09T00:00:00.000Z,0,9.25,3.78,1.7,5.28,2.356,477
2023-02-10T00:00:00.000Z,0,15.73,0.1,0.03,0.3,1.496,490
2023-02-11T00:00:00.000Z,0.05,8.3,0.55,0.35,1,0.731,447
2023-02-12T00:00:00.000Z,0.17,3.03,0.74,0.4,1.2,0.552,528
2023-02-13T00:00:00.000Z,0.1,2.5,0.3,0.2,0.4,0.234,402
2023-02-14T00:00:00.000Z,0.1,8.25,0.5,0.3,0.99,2.3,456
2023-02-15T00:00:00.000Z,1.85,9.13,5.03,3.74,6.3,1.801,397
2023-02-16T00:00:00.000Z,2.97,16.77,8.8,6.19,12.3,3.657,436
2023-02-17T00:00:00.000Z,0.3,18.85,6.2,4.21,8.32,3.617,405
2023-02-18T00:00:00.000Z,0,1.85,0.1,0,0.3,0.239,536
2023-02-19T00:00:00.000Z,0,108.07,0.1,0,0.2,5.606,454
2023-02-20T00:00:00.000Z,0,1.77,0.17,0.1,0.2,0.161,547
2023-02-21T00:00:00.000Z,0.1,5.9,1.6,0.9,2.83,1.284,519
2023-02-22T00:00:00.000Z,0.7,4.84,2.25,1.45,3.01,0.974,417
2023-02-23T00:00:00.000Z,0.45,7.45,1.5,1.1,2.2,1.17,398
2023-02-24T00:00:00.000Z,0.1,4.32,0.62,0.4,1.58,0.88,546
2023-02-25T00:00:00.000Z,0,2.85,0.4,0.2,0.56,0.407,433
2023-02-26T00:00:00.000Z,0,4.25,0.3,0.2,0.68,0.385,518
2023-02-27T00:00:00.000Z,0,1.83,0.3,0.2,0.4,0.216,536
2023-02-28T00:00:00.000Z,0,2.9,0.1,0.1,0.3,0.34,448
2023-03-01T00:00:00.000Z,0,1.9,0.2,0.1,0.3,0.243,557
2023-03-02T00:00:00.000Z,0,1.48,0.2,0.1,0.3,0.155,554
2023-03-03T00:00:00.000Z,0,1.35,0.22,0.13,0.4,0.218,429
2023-03-04T00:00:00.000Z,0,1.92,0.1,0.1,0.25,0.188,551
2023-03-05T00:00:00.000Z,0,1.55,0.17,0.1,0.3,0.217,563
2023-03-06T00:00:00.000Z,0.1,3.17,0.25,0.2,0.4,0.355,554
2023-03-07T00:00:00.000Z,0,5.35,0.93,0.2,1.88,1.197,545
2023-03-08T00:00:00.000Z,0.2,2.15,0.56,0.4,0.82,0.326,572
2023-03-09T00:00:00.000Z,0,4.45,0.81,0.2,1.45,0.753,490
2023-03-10T00:00:00.000Z,0,4.09,0.55,0.3,1.27,0.859,577
2023-03-11T00:00:00.000Z,0.1,4.9,0.81,0.6,1.38,0.82,550
2023-03-12T00:00:00.000Z,0,1.67,0.2,0.1,0.4,0.234,550
2023-03-13T00:00:00.000Z,0,2.78,0.3,0.2,0.5,0.437,560
2023-03-14T00:00:00.000Z,0,3.47,0.2,0.1,0.6,0.361,420
2023-03-15T00:00:00.000Z,0,6.2,0.13,0.1,0.2,0.301,574
2023-03-16T00:00:00.000Z,0.08,4.32,0.56,0.3,1,0.628,569
2023-03-17T00:00:00.000Z,0.1,7.85,0.63,0.3,2.88,2.198,562
2023-03-18T00:00:00.000Z,5.9,24.33,12,10.62,16.64,4.548,452
2023-03-19T00:00:00.000Z,0.2,19.25,6.2,2.02,7.57,4.322,539
2023-03-20T00:00:00.000Z,0,10.82,1.2,0.28,6.15,3.496,542
2023-03-21T00:00:00.000Z,0,7.32,0.8,0.3,2.57,1.513,568
2023-03-22T00:00:00.000Z,0.1,5.05,1.41,0.63,2.85,1.269,540
2023-03-23T00:00:00.000Z,0.2,5.25,1.12,0.8,1.5,0.535,552
2023-03-24T00:00:00.000Z,0,3.55,0.8,0.2,1.27,0.73,526
2023-03-25T00:00:00.000Z,0,1.83,0.5,0.4,0.7,0.292,528
2023-03-26T00:00:00.000Z,0.17,1.7,0.4,0.32,0.5,0.192,439
2023-03-27T00:00:00.000Z,0.15,2.15,0.5,0.4,0.6,0.219,491
2023-03-28T00:00:00.000Z,0.1,1.55,0.3,0.25,0.46,0.192,525
2023-03-29T00:00:00.000Z,0.1,1.67,0.35,0.25,0.52,0.29,466
2023-03-30T00:00:00.000Z,0.1,1.8,0.32,0.3,0.4,0.154,533
2023-03-31T00:00:00.000Z,0.1,1.8,0.3,0.3,0.4,0.173,531
2023-04-01T00:00:00.000Z,0,2.7,0.4,0.3,0.47,0.303,287
2023-08-27T00:00:00.000Z,0.3,0.3,0.3,0.3,0.3,0,1
2023-09-03T00:00:00.000Z,0.2,1.33,0.3,0.25,0.4,0.137,198
2023-09-04T00:00:00.000Z,0.1,8.23,0.6,0.2,1,0.706,596
2023-09-05T00:00:00.000Z,0.2,0.93,0.4,0.38,0.5,0.095,606
2023-09-06T00:00:00.000Z,0,0.7,0.1,0.1,0.2,0.083,600
2023-09-07T00:00:00.000Z,0,0.77,0.1,0,0.2,0.131,611
2023-09-08T00:00:00.000Z,0,26.38,0.3,0.2,0.4,5.355,605
2023-09-09T00:00:00.000Z,0.73,30.2,3.7,2.1,6.05,3.251,599
2023-09-10T00:00:00.000Z,1.77,10.88,5.97,3.47,8.3,2.541,602
2023-09-11T00:00:00.000Z,1.05,8,3.4,2.5,4.88,1.563,600
2023-09-12T00:00:00.000Z,0.63,2.9,1.1,0.95,1.4,0.47,602
2023-09-13T00:00:00.000Z,0.1,0.85,0.3,0.2,0.5,0.177,577
2023-09-14T00:00:00.000Z,0,0.28,0,0,0,0.04,604
2023-09-15T00:00:00.000Z,0,0.3,0.1,0.07,0.1,0.05,588
2023-09-16T00:00:00.000Z,0.1,1.63,0.4,0.2,0.51,0.223,605
2023-09-17T00:00:00.000Z,0,1.85,0.2,0.2,0.3,0.256,610
2023-09-18T00:00:00.000Z,0,0.56,0.1,0.1,0.1,0.063,592
2023-09-19T00:00:00.000Z,0.1,1.98,0.75,0.5,1.1,0.37,578
2023-09-20T00:00:00.000Z,0,0.65,0.2,0.1,0.25,0.121,575
2023-09-21T00:00:00.000Z,0.1,2.35,0.38,0.2,1.02,0.525,603
2023-09-22T00:00:00.000Z,0.5,2.15,0.98,0.7,1.3,0.356,600
2023-09-23T00:00:00.000Z,0.1,1.1,0.2,0.2,0.3,0.175,612
2023-09-24T00:00:00.000Z,0,0.85,0.1,0.1,0.2,0.084,604
2023-09-25T00:00:00.000Z,0,0.82,0.2,0.15,0.2,0.068,610
2023-09-26T00:00:00.000Z,0.1,0.8,0.2,0.2,0.3,0.068,583
2023-09-27T00:00:00.000Z,0.1,0.8,0.3,0.2,0.4,0.11,590
2023-09-28T00:00:00.000Z,0.28,2.35,0.7,0.47,1.48,0.565,607
2023-09-29T00:00:00.000Z,0.38,2.1,0.95,0.6,1.3,0.42,607
2023-09-30T00:00:00.000Z,0.1,2.13,0.52,0.4,0.7,0.224,605
2023-10-01T00:00:00.000Z,0,1.52,0.2,0.1,0.28,0.166,582
2023-10-02T00:00:00.000Z,0,0.9,0.2,0.1,0.3,0.137,589
2023-10-03T00:00:00.000Z,0.1,0.82,0.22,0.2,0.3,0.075,594
2023-10-04T00:00:00.000Z,0,0.6,0.2,0.1,0.3,0.106,602
2023-10-05T00:00:00.000Z,0,0.3,0.1,0,0.1,0.054,596
2023-10-06T00:00:00.000Z,0,0.85,0.1,0.1,0.1,0.078,593
2023-10-07T00:00:00.000Z,0,0.82,0.1,0.03,0.2,0.096,588
2023-10-08T00:00:00.000Z,0,0.7,0,0,0.1,0.07,597
2023-10-09T00:00:00.000Z,0,0.56,0,0,0,0.036,589
2023-10-10T00:00:00.000Z,0,0.3,0.1,0,0.1,0.068,575
2023-10-11T00:00:00.000Z,0.1,1.98,0.6,0.3,0.8,0.283,594
2023-10-12T00:00:00.000Z,0.1,1.33,0.47,0.3,0.7,0.249,592
2023-10-13T00:00:00.000Z,0,0.95,0.1,0.1,0.2,0.087,585
2023-10-14T00:00:00.000Z,0.1,2.22,0.3,0.2,0.4,0.32,595
2023-10-15T00:00:00.000Z,0,1.02,0.1,0.08,0.2,0.134,600
2023-10-16T00:00:00.000Z,0,1.02,0,0,0,0.065,598
2023-10-17T00:00:00.000Z,0,0.43,0,0,0,0.025,591
2023-10-18T00:00:00.000Z,0,0.52,0.1,0,0.2,0.1,578
2023-10-19T00:00:00.000Z,0.03,0.77,0.2,0.1,0.28,0.086,578
2023-10-20T00:00:00.000Z,0.2,0.65,0.3,0.3,0.4,0.073,245
2023-10-22T00:00:00.000Z,0,0.55,0.2,0.1,0.2,0.079,515
2023-10-23T00:00:00.000Z,0,0.3,0.1,0,0.1,0.048,608
2023-10-24T00:00:00.000Z,0,1.02,0.2,0.1,0.3,0.127,600
2023-10-25T00:00:00.000Z,0.3,1.58,0.82,0.6,1.08,0.307,603
2023-10-26T00:00:00.000Z,0.3,1.3,0.56,0.4,0.8,0.221,604
2023-10-27T00:00:00.000Z,0.3,1.12,0.5,0.43,0.6,0.115,603
2023-10-28T00:00:00.000Z,0.1,0.98,0.4,0.2,0.5,0.163,610
2023-10-29T00:00:00.000Z,0,0.65,0.1,0.1,0.2,0.08,605
2023-10-30T00:00:00.000Z,0.08,1,0.2,0.2,0.25,0.076,608
2023-10-31T00:00:00.000Z,0,0.4,0.1,0.1,0.2,0.08,609
2023-11-01T00:00:00.000Z,0,0.32,0,0,0,0.04,594
2023-11-02T00:00:00.000Z,0,0.82,0.1,0,0.1,0.091,569
2023-11-03T00:00:00.000Z,0.13,1.9,0.82,0.6,1.1,0.36,603
2023-11-04T00:00:00.000Z,0.22,0.93,0.5,0.4,0.6,0.112,609
2023-11-05T00:00:00.000Z,0.1,1.23,0.32,0.3,0.5,0.141,611
2023-11-06T00:00:00.000Z,0.17,0.85,0.3,0.3,0.4,0.078,596
2023-11-07T00:00:00.000Z,0,0.4,0.2,0.1,0.2,0.066,603
2023-11-08T00:00:00.000Z,0,0.32,0.1,0,0.1,0.05,605
2023-11-09T00:00:00.000Z,0,0.4,0.1,0,0.2,0.093,569
2023-11-10T00:00:00.000Z,0,0.56,0.1,0.1,0.17,0.05,588
2023-11-11T00:00:00.000Z,0,1.35,0.1,0.1,0.2,0.116,604
2023-11-12T00:00:00.000Z,0,0.6,0.2,0.1,0.2,0.083,375
2023-11-13T00:00:00.000Z,0,0.47,0.1,0.1,0.17,0.052,605
2023-11-14T00:00:00.000Z,0.1,0.77,0.2,0.2,0.3,0.082,603
2023-11-15T00:00:00.000Z,0.1,0.85,0.2,0.2,0.3,0.092,605
2023-11-16T00:00:00.000Z,0.2,1.7,0.9,0.4,1.17,0.394,607
2023-11-17T00:00:00.000Z,0.2,1.35,0.5,0.4,0.64,0.186,601
2023-11-18T00:00:00.000Z,0.2,0.82,0.38,0.3,0.4,0.079,597
2023-11-19T00:00:00.000Z,0.1,1.6,0.3,0.2,0.6,0.282,601
2023-11-20T00:00:00.000Z,0.1,1.3,0.3,0.2,0.32,0.114,599
2023-11-21T00:00:00.000Z,0.1,0.56,0.3,0.2,0.3,0.072,602
2023-11-22T00:00:00.000Z,0,0.56,0.2,0.2,0.3,0.092,608
2023-11-23T00:00:00.000Z,0,0.43,0.1,0.1,0.13,0.052,609
2023-11-24T00:00:00.000Z,0.1,0.82,0.2,0.2,0.22,0.085,607
2023-11-25T00:00:00.000Z,0.2,1.05,0.4,0.4,0.5,0.097,607
2023-11-26T00:00:00.000Z,0.1,0.77,0.2,0.2,0.3,0.065,601
2023-11-27T00:00:00.000Z,0.1,0.75,0.3,0.3,0.4,0.087,611
2023-11-28T00:00:00.000Z,0.2,0.98,0.4,0.38,0.5,0.134,609
2023-11-29T00:00:00.000Z,0.1,0.75,0.2,0.2,0.3,0.094,610
2023-11-30T00:00:00.000Z,0.1,1.14,0.3,0.2,0.6,0.237,613
2023-12-01T00:00:00.000Z,0.35,1.17,0.6,0.5,0.7,0.145,601
2023-12-02T00:00:00.000Z,0.2,0.85,0.4,0.32,0.5,0.101,558
2023-12-03T00:00:00.000Z,0.15,0.68,0.3,0.3,0.35,0.071,609
2023-12-04T00:00:00.000Z,0.08,0.55,0.2,0.2,0.28,0.062,608
2023-12-05T00:00:00.000Z,0.1,0.63,0.2,0.2,0.2,0.06,604
2023-12-06T00:00:00.000Z,0.1,1.65,0.2,0.2,0.3,0.128,610
2023-12-07T00:00:00.000Z,0.2,1,0.4,0.3,0.5,0.125,608
2023-12-08T00:00:00.000Z,0.3,1.27,0.5,0.45,0.6,0.143,607
2023-12-09T00:00:00.000Z,0.55,3.25,1.27,1.08,1.42,0.304,607
2023-12-10T00:00:00.000Z,0.6,2.27,1.1,0.98,1.3,0.256,613
2023-12-11T00:00:00.000Z,1.1,3.2,1.92,1.73,2.25,0.384,607
2023-12-12T00:00:00.000Z,0.4,2.75,0.9,0.6,1.52,0.534,605
2023-12-13T00:00:00.000Z,0.3,1.45,0.5,0.45,0.6,0.116,612
2023-12-14T00:00:00.000Z,0.17,0.93,0.4,0.4,0.5,0.127,608
2023-12-15T00:00:00.000Z,0.1,0.68,0.3,0.2,0.3,0.072,612
2023-12-16T00:00:00.000Z,0.1,1.3,0.28,0.2,0.3,0.097,607
2023-12-17T00:00:00.000Z,0,0.77,0.1,0.1,0.2,0.09,607
2023-12-18T00:00:00.000Z,0,0.52,0.1,0.1,0.1,0.052,607
2023-12-19T00:00:00.000Z,0.05,1.05,0.2,0.1,0.2,0.087,606
2023-12-20T00:00:00.000Z,0,0.68,0.05,0,0.1,0.075,610
2023-12-21T00:00:00.000Z,0,1.5,0.03,0,0.3,0.186,613
2023-12-22T00:00:00.000Z,0.2,1,0.5,0.4,0.6,0.142,609
2023-12-23T00:00:00.000Z,0.2,1.05,0.52,0.47,0.6,0.131,610
2023-12-24T00:00:00.000Z,0.1,0.95,0.3,0.2,0.3,0.09,603
2023-12-25T00:00:00.000Z,0.1,0.68,0.2,0.2,0.3,0.095,612
2023-12-26T00:00:00.000Z,0.1,1.4,0.2,0.2,0.3,0.085,535
2023-12-27T00:00:00.000Z,0.1,0.52,0.2,0.2,0.3,0.063,611
2023-12-28T00:00:00.000Z,0,0.4,0.1,0.1,0.13,0.047,607
2023-12-29T00:00:00.000Z,0,0.8,0.1,0.1,0.1,0.055,601
2023-12-30T00:00:00.000Z,0,1.52,0.1,0.1,0.45,0.249,611
2023-12-31T00:00:00.000Z,0.28,1.55,0.4,0.4,0.5,0.144,606
2024-01-01T00:00:00.000Z,0.8,2.7,1.67,1.3,1.95,0.416,599
2024-01-02T00:00:00.000Z,0.6,2.15,1.17,1,1.33,0.268,524
2024-01-03T00:00:00.000Z,0.4,1.35,0.7,0.6,0.8,0.139,604
2024-01-04T00:00:00.000Z,0.32,1.25,0.6,0.52,0.7,0.118,607
2024-01-05T00:00:00.000Z,0.2,2.47,0.4,0.3,0.5,0.156,604
2024-01-06T00:00:00.000Z,0.1,0.77,0.2,0.2,0.3,0.077,611
2024-01-07T00:00:00.000Z,0.13,0.82,0.3,0.25,0.3,0.079,610
2024-01-08T00:00:00.000Z,0.1,0.75,0.28,0.2,0.3,0.072,610
2024-01-09T00:00:00.000Z,0.1,0.43,0.2,0.2,0.28,0.063,150
2024-01-10T00:00:00.000Z,0,0.65,0.1,0.1,0.17,0.052,606
2024-01-11T00:00:00.000Z,0.1,0.77,0.2,0.1,0.2,0.068,609
2024-01-12T00:00:00.000Z,0.1,0.9,0.4,0.2,0.5,0.185,610
2024-01-13T00:00:00.000Z,0.3,1.45,0.5,0.4,0.6,0.162,607
2024-01-14T00:00:00.000Z,0.2,0.77,0.32,0.3,0.4,0.07,604
2024-01-15T00:00:00.000Z,0.2,1.25,0.5,0.4,0.52,0.124,609
2024-01-16T00:00:00.000Z,0,0.5,0.1,0.1,0.2,0.076,607
2024-01-17T00:00:00.000Z,0,0.68,0.2,0.1,0.3,0.106,607
2024-01-18T00:00:00.000Z,0.2,1.38,0.32,0.3,0.4,0.088,612
2024-01-19T00:00:00.000Z,0,1.1,0.17,0.1,0.2,0.145,601
2024-01-20T00:00:00.000Z,0.45,1.6,0.75,0.7,0.9,0.192,111
2024-01-21T00:00:00.000Z,0.55,5.43,1.48,0.98,3.17,1.347,247
2024-01-22T00:00:00.000Z,0.4,2.04,0.75,0.6,0.93,0.265,609
2024-01-23T00:00:00.000Z,0.3,2.38,1.1,0.67,1.33,0.405,609
2024-01-24T00:00:00.000Z,0.2,0.7,0.3,0.25,0.35,0.086,599
2024-01-25T00:00:00.000Z,0.25,1.17,0.47,0.4,0.55,0.121,613
2024-01-26T00:00:00.000Z,0.2,1.23,0.42,0.3,0.7,0.222,610
2024-01-27T00:00:00.000Z,0.17,1.52,0.3,0.3,0.4,0.151,611
2024-01-28T00:00:00.000Z,0.1,1.58,0.3,0.2,0.4,0.124,611
2024-01-29T00:00:00.000Z,0.3,0.95,0.4,0.4,0.5,0.099,612
2024-01-30T00:00:00.000Z,0.2,0.77,0.3,0.28,0.32,0.082,611
2024-01-31T00:00:00.000Z,0.1,2.04,0.3,0.2,0.5,0.287,568
2024-02-01T00:00:00.000Z,0.8,4.68,2.91,2,3.6,0.968,536
2024-02-02T00:00:00.000Z,0.2,1.63,0.4,0.3,0.5,0.171,560
2024-02-03T00:00:00.000Z,0.2,1.77,0.4,0.4,0.75,0.311,593
2024-02-04T00:00:00.000Z,0.2,2.15,0.8,0.6,1.05,0.333,595
2024-02-05T00:00:00.000Z,0.05,0.56,0.2,0.1,0.2,0.064,610
2024-02-06T00:00:00.000Z,0,0.77,0.15,0.1,0.3,0.14,612
2024-02-07T00:00:00.000Z,0.3,1.4,0.7,0.56,0.8,0.191,606
2024-02-08T00:00:00.000Z,0.2,0.95,0.3,0.3,0.35,0.084,588
2024-02-09T00:00:00.000Z,0.1,0.77,0.4,0.3,0.45,0.104,605
2024-02-10T00:00:00.000Z,0.3,1.67,0.6,0.4,1,0.318,605
2024-02-11T00:00:00.000Z,0.88,4.05,2.63,1.85,3.08,0.723,610
2024-02-12T00:00:00.000Z,1.95,4.68,3.3,3.05,3.58,0.444,607
2024-02-13T00:00:00.000Z,0.3,3.03,0.7,0.5,1.4,0.647,607
2024-02-14T00:00:00.000Z,0.2,1.17,0.38,0.3,0.4,0.114,609
2024-02-15T00:00:00.000Z,0.1,1.25,0.28,0.2,0.3,0.088,604
2024-02-16T00:00:00.000Z,0.2,1,0.4,0.35,0.6,0.152,610
2024-02-17T00:00:00.000Z,0.1,0.88,0.3,0.2,0.3,0.084,611
2024-02-18T00:00:00.000Z,0,0.4,0.1,0,0.1,0.056,611
2024-02-19T00:00:00.000Z,0.1,2.13,0.4,0.3,0.9,0.437,612
2024-02-20T00:00:00.000Z,0.25,0.95,0.45,0.4,0.5,0.109,610
2024-02-21T00:00:00.000Z,0,0.7,0.28,0.1,0.3,0.115,608
2024-02-22T00:00:00.000Z,0,2.9,0.38,0.1,1.33,0.721,607
2024-02-23T00:00:00.000Z,1.1,5.07,3.17,2.67,3.65,0.78,609
2024-02-24T00:00:00.000Z,0.3,2.33,0.9,0.6,1.1,0.302,610
2024-02-25T00:00:00.000Z,0.2,0.93,0.4,0.4,0.5,0.094,609
2024-02-26T00:00:00.000Z,0.2,0.88,0.4,0.3,0.43,0.092,608
2024-02-27T00:00:00.000Z,0.2,0.77,0.4,0.3,0.4,0.082,608
2024-02-28T00:00:00.000Z,0.2,1.2,0.4,0.3,0.5,0.13,611
2024-02-29T00:00:00.000Z,0.4,3.7,0.88,0.6,2.67,1.067,611
2024-03-01T00:00:00.000Z,2.27,6.25,3.72,2.95,4.75,0.98,557
2024-03-02T00:00:00.000Z,2.35,5.57,3.9,3.42,4.3,0.598,609
2024-03-03T00:00:00.000Z,2.33,6.65,3.66,3.25,4.59,0.925,608
2024-03-04T00:00:00.000Z,2.83,8.69,5.59,4.68,6.67,1.361,156
2024-03-05T00:00:00.000Z,2.58,6.75,4.95,4.25,5.5,0.888,609
2024-03-06T00:00:00.000Z,0.3,3.15,1.2,0.65,1.63,0.662,564
2024-03-07T00:00:00.000Z,0.1,0.63,0.3,0.25,0.3,0.075,593
2024-03-08T00:00:00.000Z,0.2,1.25,0.4,0.3,0.5,0.138,606
2024-03-09T00:00:00.000Z,0.2,1.2,0.5,0.38,0.7,0.192,609
2024-03-10T00:00:00.000Z,0.6,5.28,3.03,1.25,4.03,1.411,606
2024-03-11T00:00:00.000Z,0.4,3.45,1.08,0.82,1.4,0.636,587
2024-03-12T00:00:00.000Z,0.2,0.73,0.3,0.3,0.4,0.09,601
2024-03-13T00:00:00.000Z,0.2,0.8,0.4,0.3,0.5,0.121,607
2024-03-14T00:00:00.000Z,0.45,3.45,1.77,1.35,2.45,0.668,601
2024-03-15T00:00:00.000Z,0.5,2.47,1.14,0.9,1.63,0.451,608
2024-03-16T00:00:00.000Z,0.5,2.02,0.98,0.8,1.17,0.287,609
2024-03-17T00:00:00.000Z,0,1.9,0.73,0,1.2,0.573,597
2024-03-18T00:00:00.000Z,0,0.4,0,0,0,0.037,608
2024-03-19T00:00:00.000Z,0,0.95,0.2,0.2,0.3,0.091,536
2024-03-20T00:00:00.000Z,0.03,0.6,0.1,0.1,0.2,0.061,609
2024-03-21T00:00:00.000Z,0,0.38,0.1,0.1,0.1,0.041,611
2024-03-22T00:00:00.000Z,0.1,2.15,0.3,0.2,0.4,0.304,520
2024-03-23T00:00:00.000Z,0.05,0.85,0.2,0.2,0.28,0.1,565
2024-03-24T00:00:00.000Z,0,1.65,0.2,0.1,0.5,0.313,596
2024-03-25T00:00:00.000Z,0.2,0.7,0.3,0.3,0.4,0.083,611
2024-03-26T00:00:00.000Z,0.3,1.3,0.7,0.52,0.89,0.232,205
2024-03-27T00:00:00.000Z,0.4,3.8,1.52,0.6,2.5,1.02,611
2024-03-28T00:00:00.000Z,0.8,3.72,1.65,1.23,2.1,0.599,603
2024-03-29T00:00:00.000Z,0.22,2.35,1.1,0.9,1.5,0.412,383
2024-03-30T00:00:00.000Z,0.1,1.5,0.3,0.2,0.5,0.236,606
2024-03-31T00:00:00.000Z,0.2,2.22,0.4,0.3,0.7,0.397,608
2024-04-01T00:00:00.000Z,0.25,1.02,0.4,0.4,0.5,0.107,556
2024-04-02T00:00:00.000Z,0.35,3.08,1.65,1.4,1.85,0.428,609
2024-04-03T00:00:00.000Z,0.2,2.54,0.73,0.56,1.12,0.4,606
2024-04-04T00:00:00.000Z,0.1,1,0.3,0.2,0.4,0.131,609
2024-04-05T00:00:00.000Z,0.1,1.38,0.47,0.3,0.6,0.176,600
2024-04-06T00:00:00.000Z,0.08,0.56,0.2,0.17,0.2,0.063,612
2024-04-07T00:00:00.000Z,0.2,1.4,0.6,0.5,0.73,0.191,609
2024-04-08T00:00:00.000Z,0.1,1.4,0.3,0.2,0.6,0.252,600
2024-04-09T00:00:00.000Z,0.08,0.6,0.2,0.13,0.22,0.081,607
2024-04-10T00:00:00.000Z,0.2,4.72,1.73,0.4,3.45,1.475,603
2024-04-11T00:00:00.000Z,0.9,3.38,2.1,1.6,2.45,0.547,593
2024-04-12T00:00:00.000Z,0.2,1.55,0.56,0.4,0.75,0.274,595
2024-04-13T00:00:00.000Z,0,1.25,0.3,0.2,0.4,0.16,609
2024-04-14T00:00:00.000Z,0.1,0.88,0.4,0.25,0.47,0.139,610
2024-04-15T00:00:00.000Z,0.1,0.5,0.3,0.2,0.3,0.09,612
2024-04-16T00:00:00.000Z,0,0.82,0.2,0.1,0.4,0.147,609
2024-04-17T00:00:00.000Z,0.3,2.33,0.9,0.52,1.4,0.478,606
2024-04-18T00:00:00.000Z,0.5,2.29,0.98,0.73,1.2,0.328,610
2024-04-19T00:00:00.000Z,0.4,2.97,1.1,0.73,2,0.677,606
2024-04-20T00:00:00.000Z,0.3,4.5,1.58,1,1.98,0.776,584
2024-04-21T00:00:00.000Z,0.25,5.53,1.3,0.47,2.47,1.394,610
2024-04-22T00:00:00.000Z,0.75,2.2,1.4,1.25,1.58,0.25,604
2024-04-23T00:00:00.000Z,0.4,1.45,0.7,0.6,0.9,0.187,602
2024-04-24T00:00:00.000Z,0.3,1.77,0.68,0.5,0.93,0.276,609
2024-04-25T00:00:00.000Z,0.56,2.2,1.08,0.9,1.3,0.306,606
2024-04-26T00:00:00.000Z,0.1,1.25,0.38,0.2,0.5,0.222,593
2024-04-27T00:00:00.000Z,0.1,3.22,0.4,0.3,0.87,0.757,610
2024-04-28T00:00:00.000Z,0.13,3.2,0.54,0.3,1.58,0.775,612
2024-04-29T00:00:00.000Z,0.1,2.35,1.3,0.75,1.55,0.546,611
2024-04-30T00:00:00.000Z,0,1.5,0.2,0.1,0.6,0.304,610
2024-05-01T00:00:00.000Z,0,2.45,0.5,0.2,1.4,0.656,587
2024-05-02T00:00:00.000Z,0,0.47,0.1,0.1,0.2,0.073,610
2024-05-03T00:00:00.000Z,0.1,0.93,0.2,0.2,0.3,0.08,611
2024-05-04T00:00:00.000Z,0.1,0.5,0.25,0.2,0.3,0.06,261
2024-05-05T00:00:00.000Z,0.1,1.3,0.4,0.22,0.7,0.276,495
2024-05-06T00:00:00.000Z,0.2,1.67,0.4,0.35,0.7,0.252,611
2024-05-07T00:00:00.000Z,0.1,0.5,0.2,0.2,0.3,0.065,556
2024-05-08T00:00:00.000Z,0.3,1.05,0.5,0.45,0.6,0.102,438
2024-05-09T00:00:00.000Z,0.2,3.25,0.9,0.4,1.63,0.71,611
2024-05-10T00:00:00.000Z,0,1.58,0.4,0.1,0.85,0.396,610
2024-05-11T00:00:00.000Z,0,16.14,0.15,0.08,0.22,0.699,610
2024-05-12T00:00:00.000Z,0,0.5,0.1,0.1,0.2,0.063,611
2024-05-13T00:00:00.000Z,0,1.5,0.13,0.1,0.3,0.157,607
2024-05-14T00:00:00.000Z,0.1,0.9,0.22,0.2,0.3,0.112,610
2024-05-15T00:00:00.000Z,0.1,0.77,0.2,0.13,0.21,0.095,609
2024-05-16T00:00:00.000Z,0.2,0.9,0.3,0.3,0.4,0.125,600
2024-05-17T00:00:00.000Z,0.2,2.92,0.8,0.5,1.27,0.524,610
2024-05-18T00:00:00.000Z,0.4,81,1.02,0.7,1.7,9.568,612
2024-05-19T00:00:00.000Z,0.47,34.85,1.12,0.8,6.85,7.48,611
2024-05-20T00:00:00.000Z,0,1.2,0.3,0.2,0.5,0.223,610
2024-05-21T00:00:00.000Z,0,0.45,0.1,0.1,0.1,0.074,610
2024-05-22T00:00:00.000Z,0,1.45,0.1,0.1,0.2,0.118,610
2024-05-23T00:00:00.000Z,0,2.63,0.3,0.1,1.3,0.69,612
2024-05-24T00:00:00.000Z,0.38,1.5,0.77,0.6,0.9,0.204,611
2024-05-25T00:00:00.000Z,0.2,10.07,0.45,0.3,4,2.222,609
2024-05-26T00:00:00.000Z,0.4,8.07,2,0.7,3.33,1.914,611
2024-05-27T00:00:00.000Z,0.35,2.47,1,0.6,1.67,0.583,611
2024-05-28T00:00:00.000Z,0.7,2.9,1.98,1.7,2.17,0.471,612
2024-05-29T00:00:00.000Z,0.17,2.9,1.52,0.6,1.85,0.7,612
2024-05-30T00:00:00.000Z,0.1,2.08,0.4,0.3,0.7,0.39,611
2024-05-31T00:00:00.000Z,0.4,5.5,0.9,0.6,2.1,1.159,613
2024-06-01T00:00:00.000Z,0.88,22.45,1.9,1.45,2.62,1.34,592
2024-06-02T00:00:00.000Z,0.5,4.4,2.29,1.4,3.1,0.998,607
2024-06-03T00:00:00.000Z,0.3,1.52,0.6,0.5,0.8,0.251,609
2024-06-04T00:00:00.000Z,0.1,0.82,0.2,0.2,0.3,0.094,610
2024-06-05T00:00:00.000Z,0.13,0.93,0.4,0.3,0.47,0.136,610
2024-06-06T00:00:00.000Z,0.1,1.23,0.43,0.2,0.7,0.286,607
2024-06-07T00:00:00.000Z,0.2,38.7,0.35,0.3,0.47,7.429,611
2024-06-08T00:00:00.000Z,0.43,35,2.4,0.8,4.59,5.683,610
2024-06-09T00:00:00.000Z,0.1,10.19,0.4,0.2,1.02,2.136,609
2024-06-10T00:00:00.000Z,0,0.4,0.1,0.1,0.2,0.074,607
2024-06-11T00:00:00.000Z,0,0.15,0,0,0,0.02,610
2024-06-12T00:00:00.000Z,0,0.2,0,0,0,0.032,612
2024-06-13T00:00:00.000Z,0,0.3,0.1,0.1,0.1,0.055,608
2024-06-14T00:00:00.000Z,0,0.85,0.1,0,0.17,0.109,609
2024-06-15T00:00:00.000Z,0,8.3,0.3,0.2,0.43,0.467,538
2024-06-16T00:00:00.000Z,0.1,1.25,0.35,0.3,0.47,0.194,611
2024-06-17T00:00:00.000Z,0,0.5,0.2,0.15,0.28,0.076,608
2024-06-18T00:00:00.000Z,0,0.45,0.2,0.1,0.3,0.09,612
2024-06-19T00:00:00.000Z,0,0.4,0.1,0,0.1,0.065,609
2024-06-20T00:00:00.000Z,0,0.6,0.13,0,0.2,0.099,610
2024-06-21T00:00:00.000Z,0,0.5,0.2,0.1,0.2,0.079,604
2024-06-22T00:00:00.000Z,0,0.82,0.1,0.1,0.2,0.066,599
2024-06-23T00:00:00.000Z,0,0.6,0.2,0.1,0.22,0.112,609
2024-06-24T00:00:00.000Z,0,0.43,0.1,0.03,0.1,0.072,609
2024-06-25T00:00:00.000Z,0,0.52,0.1,0.1,0.2,0.057,610
2024-06-26T00:00:00.000Z,0.1,72.97,0.3,0.3,0.5,4.727,612
2024-06-27T00:00:00.000Z,0.2,1.63,0.4,0.35,0.65,0.275,611
2024-06-28T00:00:00.000Z,0.6,6.68,2.13,1.35,3.38,1.227,601
2024-06-29T00:00:00.000Z,0,8.4,0.2,0.17,0.5,0.711,610
2024-06-30T00:00:00.000Z,0,0.25,0.1,0,0.1,0.051,612
2024-07-01T00:00:00.000Z,0,0.73,0.1,0.1,0.2,0.068,600
2024-07-02T00:00:00.000Z,0,0.77,0.1,0.1,0.2,0.098,606
2024-07-03T00:00:00.000Z,0,0.28,0.04,0,0.1,0.052,610
2024-07-04T00:00:00.000Z,0,1.02,0.1,0,0.15,0.117,612
2024-07-05T00:00:00.000Z,0,0.43,0.1,0,0.1,0.058,610
2024-07-06T00:00:00.000Z,0,0.63,0.1,0.1,0.2,0.095,613
2024-07-07T00:00:00.000Z,0,0.93,0.2,0.2,0.3,0.101,611
2024-07-08T00:00:00.000Z,0,0.35,0.1,0,0.1,0.054,612
2024-07-09T00:00:00.000Z,0,0.2,0,0,0,0.035,611
2024-07-10T00:00:00.000Z,0,0.85,0.1,0,0.3,0.16,611
2024-07-11T00:00:00.000Z,0.1,3.15,0.4,0.3,1.05,0.698,607
2024-07-12T00:00:00.000Z,0.1,1.23,0.2,0.2,0.3,0.169,609
2024-07-13T00:00:00.000Z,0.1,97.18,0.3,0.2,0.4,4.381,613
2024-07-14T00:00:00.000Z,0,0.4,0.1,0.1,0.2,0.073,611
2024-07-15T00:00:00.000Z,0,0.73,0.2,0,0.37,0.182,608
2024-07-16T00:00:00.000Z,0,0.4,0.1,0.1,0.2,0.056,612
2024-07-17T00:00:00.000Z,0.2,0.8,0.4,0.3,0.5,0.116,612
2024-07-18T00:00:00.000Z,0,0.52,0.2,0.16,0.28,0.079,612
2024-07-19T00:00:00.000Z,0,30.17,0.1,0.03,0.2,2.516,595
2024-07-20T00:00:00.000Z,0.2,5.55,1.2,0.5,2.17,1.094,610
2024-07-21T00:00:00.000Z,0.47,9.02,4.32,1.05,6.28,2.622,607
2024-07-22T00:00:00.000Z,0.8,3.13,1.35,1.17,1.55,0.383,608
2024-07-23T00:00:00.000Z,0.22,1.33,0.7,0.6,0.8,0.197,610
2024-07-24T00:00:00.000Z,0.1,1.1,0.3,0.2,0.5,0.209,611
2024-07-25T00:00:00.000Z,0.1,0.55,0.2,0.17,0.2,0.064,609
2024-07-26T00:00:00.000Z,0,0.45,0.17,0.1,0.2,0.075,610
2024-07-27T00:00:00.000Z,0.1,0.55,0.3,0.2,0.3,0.08,610
2024-07-28T00:00:00.000Z,0,0.45,0.1,0.1,0.2,0.065,611
2024-07-29T00:00:00.000Z,0,0.3,0.1,0.1,0.1,0.052,609
2024-07-30T00:00:00.000Z,0,0.2,0.03,0,0.1,0.057,585
2024-07-31T00:00:00.000Z,0.05,0.73,0.3,0.2,0.4,0.138,577
2024-08-01T00:00:00.000Z,0,0.65,0.13,0.1,0.2,0.073,591
2024-08-02T00:00:00.000Z,0,0.4,0.1,0.1,0.2,0.076,600
2024-08-03T00:00:00.000Z,0.1,0.6,0.3,0.2,0.3,0.064,593
2024-08-04T00:00:00.000Z,0.22,0.7,0.4,0.38,0.47,0.082,571
2024-08-05T00:00:00.000Z,0.2,6.68,0.9,0.4,3.65,1.977,580
2024-08-06T00:00:00.000Z,0.88,4.68,1.9,1.4,2.65,0.859,573
2024-08-07T00:00:00.000Z,0.4,1.55,0.8,0.7,0.9,0.202,582
2024-08-08T00:00:00.000Z,0.2,1.38,0.6,0.47,0.8,0.219,593
2024-08-09T00:00:00.000Z,0,0.5,0.2,0.2,0.3,0.078,567
2024-08-10T00:00:00.000Z,0.1,1.38,0.3,0.2,0.32,0.105,569
2024-08-11T00:00:00.000Z,0,5.72,0.2,0.1,0.3,0.421,598
2024-08-12T00:00:00.000Z,0,0.45,0,0,0,0.034,565
2024-08-13T00:00:00.000Z,0,5.5,0,0,0.08,0.317,579
2024-08-14T00:00:00.000Z,0,0.1,0,0,0,0.017,552
2024-08-15T00:00:00.000Z,0,0.73,0.1,0,0.4,0.218,494
2024-08-16T00:00:00.000Z,0.2,0.98,0.5,0.4,0.6,0.164,461
2024-08-17T00:00:00.000Z,0,0.68,0.2,0.1,0.2,0.089,567
2024-08-18T00:00:00.000Z,0,0.8,0.3,0.2,0.4,0.142,569
2024-08-19T00:00:00.000Z,0.1,0.9,0.32,0.3,0.45,0.143,578
2024-08-20T00:00:00.000Z,0.1,0.95,0.43,0.2,0.6,0.233,562
2024-08-21T00:00:00.000Z,0.4,2.02,0.95,0.7,1.2,0.311,561
2024-08-22T00:00:00.000Z,0.1,1.17,0.32,0.2,0.7,0.275,236
2024-08-23T00:00:00.000Z,0.1,1.83,0.4,0.2,1.2,0.515,571
2024-08-24T00:00:00.000Z,0.2,1.6,0.7,0.47,0.95,0.286,578
2024-08-25T00:00:00.000Z,0.2,4.59,0.8,0.5,1.42,1.108,578
2024-08-26T00:00:00.000Z,0.3,3.08,0.73,0.5,1.19,0.638,565
2024-08-27T00:00:00.000Z,0.95,3.7,2.38,2.08,2.67,0.49,571
2024-08-28T00:00:00.000Z,1,4.68,1.8,1.5,3.15,0.987,579
2024-08-29T00:00:00.000Z,1.2,9.93,3.87,1.84,5.68,2.336,572
2024-08-30T00:00:00.000Z,0.45,5.82,2.38,1.2,3.83,1.448,579
2024-08-31T00:00:00.000Z,0.2,2.6,0.63,0.49,1.2,0.5,569
2024-09-01T00:00:00.000Z,0.1,4.15,0.4,0.2,1.01,0.695,573
2024-09-02T00:00:00.000Z,0.1,1.08,0.3,0.22,0.5,0.17,576
2024-09-03T00:00:00.000Z,0.08,0.45,0.2,0.17,0.2,0.067,580
2024-09-04T00:00:00.000Z,0.1,13,2.29,0.2,7.53,3.813,572
2024-09-05T00:00:00.000Z,1.85,5.38,3.13,2.67,3.58,0.663,577
2024-09-06T00:00:00.000Z,0.8,3.3,1.69,1.25,2.22,0.535,558
2024-09-07T00:00:00.000Z,0.4,21.67,8.65,0.7,10.19,4.604,501
2024-09-08T00:00:00.000Z,3.35,12.73,7.5,5.7,8.94,2.035,567
2024-09-09T00:00:00.000Z,3.55,9.65,6.04,4.8,8.13,1.732,574
2024-09-10T00:00:00.000Z,0.3,7.7,1.6,0.93,3.3,1.968,555
2024-09-11T00:00:00.000Z,0.1,1.1,0.38,0.3,0.5,0.178,578
2024-09-12T00:00:00.000Z,0,0.25,0.04,0,0.1,0.065,586
2024-09-13T00:00:00.000Z,0,0.3,0,0,0,0.023,541
2024-09-14T00:00:00.000Z,0,1.8,0.1,0,0.3,0.27,596
2024-09-15T00:00:00.000Z,0,0.7,0.1,0.1,0.12,0.08,580
2024-09-16T00:00:00.000Z,0,0.3,0.1,0,0.1,0.059,592
2024-09-17T00:00:00.000Z,0,0.3,0.03,0,0.1,0.051,578
2024-09-18T00:00:00.000Z,0,0.22,0.03,0,0.1,0.049,578
2024-09-19T00:00:00.000Z,0,0.98,0.1,0,0.27,0.176,580
2024-09-20T00:00:00.000Z,0,2.08,0.28,0.2,0.6,0.454,573
2024-09-21T00:00:00.000Z,0,0.77,0.3,0.2,0.3,0.107,595
2024-09-22T00:00:00.000Z,0,0.88,0.1,0.1,0.2,0.123,587
2024-09-23T00:00:00.000Z,0,0.6,0.3,0.1,0.3,0.119,569
2024-09-24T00:00:00.000Z,0.2,17.88,4.12,0.9,9.43,5.071,566
2024-09-25T00:00:00.000Z,1.4,7.85,5.18,4.29,5.75,1.373,572
2024-09-26T00:00:00.000Z,0.1,1.73,0.32,0.22,0.55,0.319,586
2024-09-27T00:00:00.000Z,0,0.3,0.1,0.1,0.2,0.054,446
2024-09-28T00:00:00.000Z,0,0.63,0,0,0,0.052,414
2024-09-29T00:00:00.000Z,0,0.56,0,0,0,0.047,594
2024-09-30T00:00:00.000Z,0,0.22,0,0,0,0.036,588
2024-10-01T00:00:00.000Z,0,1.17,0.1,0,0.1,0.069,588
2024-10-02T00:00:00.000Z,0,0.85,0.1,0.1,0.1,0.062,584
2024-10-03T00:00:00.000Z,0,0.73,0.1,0.1,0.1,0.051,588
2024-10-04T00:00:00.000Z,0,0.3,0,0,0.1,0.053,599
2024-10-05T00:00:00.000Z,0,0.3,0.1,0,0.1,0.057,602
2024-10-06T00:00:00.000Z,0,0.75,0.1,0,0.1,0.112,589
2024-10-07T00:00:00.000Z,0,0.75,0.1,0,0.1,0.068,585
2024-10-08T00:00:00.000Z,0.1,1.73,0.4,0.2,0.55,0.299,578
2024-10-09T00:00:00.000Z,0.2,1.98,0.5,0.3,1.05,0.443,580
2024-10-10T00:00:00.000Z,0.1,0.73,0.3,0.2,0.4,0.106,586
2024-10-11T00:00:00.000Z,0,0.4,0.1,0,0.1,0.08,593
2024-10-12T00:00:00.000Z,0,0.68,0.1,0,0.2,0.111,598
2024-10-13T00:00:00.000Z,0,0.38,0.1,0.1,0.1,0.051,590
2024-10-14T00:00:00.000Z,0,0.52,0.1,0.1,0.1,0.048,586
2024-10-15T00:00:00.000Z,0,0.52,0,0,0.1,0.054,568
2024-10-16T00:00:00.000Z,0,0.35,0,0,0.1,0.072,597
2024-10-17T00:00:00.000Z,0,0.65,0.2,0.1,0.3,0.123,579
2024-10-18T00:00:00.000Z,0.2,1.63,0.6,0.38,0.88,0.306,591
2024-10-19T00:00:00.000Z,0.63,1.7,1.1,1,1.23,0.174,590
2024-10-20T00:00:00.000Z,0.73,3.4,1.67,1.38,1.95,0.496,591
2024-10-21T00:00:00.000Z,2.08,4.88,3.65,3.33,3.95,0.467,597
2024-10-22T00:00:00.000Z,0.4,2.8,0.9,0.7,1.2,0.485,581
2024-10-23T00:00:00.000Z,0.38,1.58,0.7,0.6,0.88,0.2,597
2024-10-24T00:00:00.000Z,0.3,1.4,0.5,0.4,0.6,0.115,584
2024-10-25T00:00:00.000Z,0.2,1.02,0.5,0.38,0.6,0.14,539
2024-10-26T00:00:00.000Z,0.1,2.47,0.3,0.2,0.88,0.405,577
2024-10-27T00:00:00.000Z,0.2,5.05,1.09,0.7,1.73,1.207,576
2024-10-28T00:00:00.000Z,0,0.52,0.2,0.1,0.2,0.09,564
2024-10-29T00:00:00.000Z,0,0.25,0,0,0,0.041,586
2024-10-30T00:00:00.000Z,0,0.4,0.1,0,0.1,0.054,580
2024-10-31T00:00:00.000Z,0,0.63,0.1,0,0.1,0.088,585
2024-11-01T00:00:00.000Z,0.1,0.65,0.2,0.2,0.3,0.093,575
2024-11-02T00:00:00.000Z,0,0.6,0.1,0.1,0.2,0.072,567
2024-11-03T00:00:00.000Z,0,0.43,0,0,0.1,0.056,557
2024-11-04T00:00:00.000Z,0,0.1,0,0,0,0.008,495
2024-11-05T00:00:00.000Z,0,0.47,0.1,0,0.1,0.075,439
2024-11-06T00:00:00.000Z,0.1,0.52,0.2,0.19,0.2,0.067,424
2024-11-07T00:00:00.000Z,0,0.52,0.1,0,0.1,0.087,541
2024-11-08T00:00:00.000Z,0,0.28,0,0,0,0.039,469
2024-11-09T00:00:00.000Z,0,0.43,0.1,0.1,0.15,0.054,438
2024-11-10T00:00:00.000Z,0,0.65,0.03,0,0.1,0.062,407
2024-11-11T00:00:00.000Z,0,0.6,0.1,0.1,0.1,0.053,453
2024-11-12T00:00:00.000Z,0,0.28,0,0,0.03,0.044,322
2024-11-13T00:00:00.000Z,0,0.2,0,0,0.1,0.049,407
2024-11-14T00:00:00.000Z,0,0.63,0.1,0,0.1,0.069,371
2024-11-15T00:00:00.000Z,0,0.75,0.1,0.1,0.1,0.066,540
2024-11-16T00:00:00.000Z,0.1,1.73,0.4,0.3,0.65,0.268,569
2024-11-17T00:00:00.000Z,0,1.14,0.4,0.3,0.5,0.153,571
2024-11-18T00:00:00.000Z,0,0.65,0.1,0.05,0.1,0.063,541
2024-11-19T00:00:00.000Z,0,0.43,0,0,0.1,0.057,484
2024-11-20T00:00:00.000Z,0.1,0.82,0.2,0.2,0.3,0.084,482
2024-11-21T00:00:00.000Z,0.1,0.73,0.25,0.2,0.3,0.071,432
2024-11-22T00:00:00.000Z,0,0.47,0.2,0.17,0.2,0.061,463
2024-11-23T00:00:00.000Z,0,0.68,0.1,0.1,0.13,0.058,362
2024-11-24T00:00:00.000Z,0,0.75,0.2,0.1,0.4,0.154,469
2024-11-25T00:00:00.000Z,0.2,1.42,0.4,0.3,0.43,0.142,468
2024-11-26T00:00:00.000Z,0.1,1.3,0.3,0.25,0.35,0.098,604
2024-11-27T00:00:00.000Z,0,0.5,0.1,0.1,0.17,0.074,606
2024-11-28T00:00:00.000Z,0,0.3,0.08,0,0.1,0.048,614
2024-11-29T00:00:00.000Z,0,0.95,0.1,0.05,0.1,0.068,613
2024-11-30T00:00:00.000Z,0,0.68,0.15,0.1,0.2,0.083,615
2024-12-01T00:00:00.000Z,0.2,0.73,0.3,0.3,0.4,0.074,530
2024-12-02T00:00:00.000Z,0.3,1.35,0.6,0.5,0.75,0.177,611
2024-12-03T00:00:00.000Z,0,0.8,0.2,0.1,0.3,0.163,611
2024-12-04T00:00:00.000Z,0,0.38,0.1,0,0.1,0.065,610
2024-12-05T00:00:00.000Z,0,1,0.1,0.1,0.2,0.074,612
2024-12-06T00:00:00.000Z,0,1.55,0.13,0.1,0.3,0.129,613
2024-12-07T00:00:00.000Z,0.2,1.45,0.4,0.3,0.6,0.216,611
2024-12-08T00:00:00.000Z,0.3,1.05,0.5,0.47,0.6,0.11,612
2024-12-09T00:00:00.000Z,0.1,0.85,0.3,0.25,0.4,0.111,604
2024-12-10T00:00:00.000Z,0.08,0.65,0.17,0.1,0.2,0.062,573
2024-12-11T00:00:00.000Z,0,0.6,0.1,0.1,0.1,0.054,599
2024-12-12T00:00:00.000Z,0,0.73,0.1,0.1,0.1,0.05,603
2024-12-13T00:00:00.000Z,0,1.05,0.1,0.1,0.17,0.067,564
2024-12-14T00:00:00.000Z,0,0.5,0.2,0.1,0.2,0.076,547
2024-12-15T00:00:00.000Z,0.1,1.1,0.2,0.1,0.2,0.072,611
2024-12-16T00:00:00.000Z,0.1,0.5,0.2,0.1,0.2,0.065,530
2024-12-17T00:00:00.000Z,0,0.55,0.1,0.1,0.1,0.053,560
2024-12-18T00:00:00.000Z,0,0.4,0.1,0,0.1,0.073,556
2024-12-19T00:00:00.000Z,0,0.68,0.1,0.1,0.2,0.117,258
2024-12-20T00:00:00.000Z,0,0.52,0,0,0.1,0.063,460
2024-12-21T00:00:00.000Z,0,0.52,0,0,0.08,0.054,552
2024-12-22T00:00:00.000Z,0,0.73,0.1,0.05,0.1,0.08,611
2024-12-23T00:00:00.000Z,0,0.63,0.1,0,0.1,0.066,596
2024-12-24T00:00:00.000Z,0,0.52,0.1,0.1,0.1,0.039,573
2024-12-25T00:00:00.000Z,0,0.3,0.1,0.1,0.1,0.034,611
2024-12-26T00:00:00.000Z,0.05,0.95,0.2,0.1,0.2,0.086,611
2024-12-27T00:00:00.000Z,0,0.6,0.1,0,0.1,0.061,613
2024-12-28T00:00:00.000Z,0,0.6,0,0,0.2,0.117,612
2024-12-29T00:00:00.000Z,0,0.52,0.1,0.1,0.2,0.089,505
2024-12-30T00:00:00.000Z,0,1.05,0.1,0.1,0.4,0.198,284
2024-12-31T00:00:00.000Z,0,0.4,0.03,0,0.1,0.058,430
2025-01-01T00:00:00.000Z,0.1,1.05,0.3,0.2,0.3,0.114,579
2025-01-02T00:00:00.000Z,0,0.4,0.1,0.05,0.1,0.061,612
2025-01-03T00:00:00.000Z,0,0.43,0.1,0,0.1,0.057,604
2025-01-04T00:00:00.000Z,0,0.4,0.1,0.1,0.1,0.056,611
2025-01-05T00:00:00.000Z,0,0.5,0.1,0.1,0.1,0.046,611
2025-01-06T00:00:00.000Z,0.1,1.17,0.3,0.2,0.5,0.199,612
2025-01-07T00:00:00.000Z,0.13,1.3,0.4,0.3,0.5,0.124,612
2025-01-08T00:00:00.000Z,0.2,1.4,0.4,0.4,0.5,0.134,612
2025-01-09T00:00:00.000Z,0,0.4,0.1,0.03,0.1,0.068,610
2025-01-10T00:00:00.000Z,0,1.35,0.4,0.1,0.56,0.26,607
2025-01-11T00:00:00.000Z,0.3,1.35,0.5,0.4,0.6,0.129,612
2025-01-12T00:00:00.000Z,0,0.88,0.22,0.1,0.4,0.14,611
2025-01-13T00:00:00.000Z,0,1,0.1,0.1,0.2,0.086,556
2025-01-14T00:00:00.000Z,0,0.6,0.2,0.1,0.28,0.09,421
2025-01-15T00:00:00.000Z,0,0.56,0.1,0,0.1,0.056,610
2025-01-16T00:00:00.000Z,0,0.5,0.1,0.1,0.1,0.047,611
2025-01-17T00:00:00.000Z,0.15,2.02,0.32,0.3,0.75,0.414,609
2025-01-18T00:00:00.000Z,0.2,1.55,0.5,0.4,0.75,0.291,606
2025-01-19T00:00:00.000Z,0.2,1.38,0.5,0.4,0.75,0.249,608
2025-01-20T00:00:00.000Z,0.1,0.7,0.2,0.1,0.2,0.087,607
2025-01-21T00:00:00.000Z,0.1,0.5,0.2,0.2,0.2,0.054,609
2025-01-22T00:00:00.000Z,0,0.68,0.1,0.1,0.2,0.06,603
2025-01-23T00:00:00.000Z,0,1.5,0.65,0.1,0.9,0.39,607
2025-01-24T00:00:00.000Z,0.2,1.7,0.5,0.3,0.77,0.329,603
2025-01-25T00:00:00.000Z,0.5,1.9,0.9,0.8,1.1,0.202,565
2025-01-26T00:00:00.000Z,0.2,1.48,0.55,0.4,0.68,0.196,225
2025-01-27T00:00:00.000Z,0,0.95,0.13,0.1,0.2,0.09,510
2025-01-28T00:00:00.000Z,0.1,0.55,0.2,0.1,0.22,0.079,613
2025-01-29T00:00:00.000Z,0.1,0.65,0.2,0.2,0.3,0.076,613
2025-01-30T00:00:00.000Z,0,0.28,0.1,0.1,0.1,0.04,444
2025-01-31T00:00:00.000Z,0,0.32,0,0,0.1,0.051,495
2025-02-01T00:00:00.000Z,0,0.56,0.1,0.03,0.1,0.069,379
2025-02-02T00:00:00.000Z,0,0.32,0.05,0,0.1,0.063,529
2025-02-03T00:00:00.000Z,0,0.56,0.13,0.1,0.2,0.062,607
2025-02-04T00:00:00.000Z,0,0.7,0.1,0.1,0.3,0.154,609
2025-02-05T00:00:00.000Z,0.35,4.75,1.1,0.7,1.55,0.696,605
2025-02-06T00:00:00.000Z,0.1,0.98,0.2,0.13,0.3,0.111,605
2025-02-07T00:00:00.000Z,0.05,1.1,0.2,0.1,0.3,0.208,565
2025-02-08T00:00:00.000Z,0.6,3.47,1.58,0.98,2.08,0.596,559
2025-02-09T00:00:00.000Z,0.5,2.04,1,0.88,1.17,0.222,595
2025-02-10T00:00:00.000Z,0.3,1.55,0.7,0.6,0.9,0.201,605
2025-02-11T00:00:00.000Z,0.17,0.88,0.4,0.3,0.45,0.109,309
2025-02-12T00:00:00.000Z,0,0.5,0.2,0.1,0.2,0.072,536
2025-02-13T00:00:00.000Z,0.1,1.88,0.2,0.2,0.3,0.125,516
2025-02-14T00:00:00.000Z,0,0.65,0.1,0.1,0.13,0.063,310
2025-02-15T00:00:00.000Z,0,0.5,0.2,0.1,0.2,0.081,470
2025-02-16T00:00:00.000Z,0.03,0.63,0.2,0.1,0.2,0.071,355
2025-02-17T00:00:00.000Z,0,0.4,0.1,0.1,0.1,0.04,459
2025-02-18T00:00:00.000Z,0,0.95,0.1,0.1,0.1,0.057,542
2025-02-19T00:00:00.000Z,0,0.45,0.1,0.05,0.1,0.055,605
2025-02-20T00:00:00.000Z,0,0.75,0.1,0.1,0.2,0.099,597
2025-02-21T00:00:00.000Z,0.4,20.63,5.47,4.59,10.29,5.008,592
2025-02-22T00:00:00.000Z,5.38,11.3,7.85,7.07,9,1.317,603
2025-02-23T00:00:00.000Z,1.77,11.25,5.43,3.7,7.4,2.396,610
2025-02-24T00:00:00.000Z,0.7,2.65,1.25,1.1,1.5,0.364,604
2025-02-25T00:00:00.000Z,0.38,2.2,1.25,0.74,1.5,0.444,600
2025-02-26T00:00:00.000Z,0.1,0.6,0.28,0.2,0.3,0.092,598
2025-02-27T00:00:00.000Z,0,0.4,0.1,0.1,0.1,0.049,427
2025-02-28T00:00:00.000Z,0,0.2,0.1,0.1,0.1,0.039,104
2025-03-01T00:00:00.000Z,0.05,0.32,0.1,0.1,0.2,0.049,403
2025-03-02T00:00:00.000Z,0.1,0.98,0.2,0.13,0.2,0.097,600
2025-03-03T00:00:00.000Z,0.1,0.8,0.3,0.2,0.4,0.15,599
2025-03-04T00:00:00.000Z,0.4,2.38,0.9,0.63,1.3,0.399,596
2025-03-05T00:00:00.000Z,0.6,3.6,2.22,1.66,2.65,0.645,600
2025-03-06T00:00:00.000Z,1.27,2.75,2,1.8,2.2,0.319,153
2025-03-07T00:00:00.000Z,0.4,1.58,0.6,0.5,0.75,0.236,440
2025-03-08T00:00:00.000Z,0.47,2.52,1.17,0.79,1.6,0.467,592
2025-03-09T00:00:00.000Z,0.4,1.45,0.7,0.6,0.9,0.232,590
2025-03-10T00:00:00.000Z,0.4,2.63,0.82,0.6,1.2,0.369,590
2025-03-11T00:00:00.000Z,0.43,2.02,0.93,0.77,1.2,0.286,601
2025-03-12T00:00:00.000Z,0.4,2.2,0.7,0.55,1.3,0.447,606
2025-03-13T00:00:00.000Z,0.47,1.9,0.93,0.8,1.1,0.254,394
2025-03-14T00:00:00.000Z,0.1,0.63,0.2,0.1,0.3,0.112,277
2025-03-15T00:00:00.000Z,0.1,0.17,0.1,0.1,0.16,0.029,9
2025-03-18T00:00:00.000Z,0.03,0.2,0.1,0.1,0.1,0.031,70
2025-03-19T00:00:00.000Z,0,0.5,0.1,0.1,0.1,0.045,609
2025-03-20T00:00:00.000Z,0,0.88,0.2,0.1,0.3,0.117,600
2025-03-21T00:00:00.000Z,0,0.75,0.2,0.2,0.3,0.084,613
2025-03-22T00:00:00.000Z,0.2,1.02,0.4,0.3,0.6,0.172,612
2025-03-23T00:00:00.000Z,0.2,2.42,0.85,0.4,1.5,0.597,614
2025-03-24T00:00:00.000Z,0.4,2.75,1,0.6,1.9,0.666,612
2025-03-25T00:00:00.000Z,1.14,4.8,2.85,2.19,3.82,0.922,612
2025-03-26T00:00:00.000Z,0.3,2.38,1.02,0.65,1.48,0.495,609
2025-03-27T00:00:00.000Z,0.2,0.75,0.3,0.3,0.38,0.074,232
2025-03-28T00:00:00.000Z,0.4,1.45,0.8,0.63,0.95,0.205,471
2025-03-29T00:00:00.000Z,0.4,1.55,0.9,0.75,1.05,0.217,590
2025-03-30T00:00:00.000Z,0.1,1.02,0.3,0.2,0.4,0.142,384
2025-03-31T00:00:00.000Z,0,0.43,0.1,0.1,0.2,0.063,539
2025-04-01T00:00:00.000Z,0,0.3,0.1,0.1,0.1,0.05,226
2025-04-02T00:00:00.000Z,0,0.88,0.1,0.1,0.25,0.162,185
2025-04-03T00:00:00.000Z,0,0.5,0.1,0,0.2,0.108,599
2025-04-04T00:00:00.000Z,0.15,1.14,0.3,0.3,0.4,0.115,611
2025-04-05T00:00:00.000Z,0.1,0.82,0.3,0.2,0.5,0.152,568
2025-04-06T00:00:00.000Z,0.08,0.7,0.17,0.1,0.2,0.078,361
2025-04-07T00:00:00.000Z,0,0.35,0.1,0.03,0.1,0.048,343
2025-04-08T00:00:00.000Z,0,0.45,0.1,0,0.1,0.057,604
2025-04-09T00:00:00.000Z,0,0.7,0.2,0.1,0.3,0.154,588
2025-04-10T00:00:00.000Z,0.1,0.8,0.2,0.2,0.2,0.065,608
2025-04-11T00:00:00.000Z,0.05,0.5,0.2,0.17,0.2,0.058,606
2025-04-12T00:00:00.000Z,0,0.45,0.1,0.1,0.2,0.07,611
2025-04-13T00:00:00.000Z,0,2.15,0.8,0.2,1.27,0.584,589
2025-04-14T00:00:00.000Z,0.3,2.52,1.48,1.05,1.7,0.487,607
2025-04-15T00:00:00.000Z,0.1,0.77,0.3,0.2,0.4,0.107,594
2025-04-16T00:00:00.000Z,0.3,2.35,1.14,0.52,1.63,0.562,609
2025-04-17T00:00:00.000Z,0.6,1.9,1.14,0.98,1.3,0.243,614
2025-04-18T00:00:00.000Z,0.3,0.85,0.5,0.4,0.5,0.093,613
2025-04-19T00:00:00.000Z,0.22,1,0.4,0.4,0.6,0.152,525
2025-04-20T00:00:00.000Z,0.1,0.5,0.2,0.1,0.2,0.075,613
2025-04-21T00:00:00.000Z,0,0.9,0.2,0.1,0.3,0.145,612
2025-04-22T00:00:00.000Z,0.1,0.45,0.22,0.2,0.3,0.056,613
2025-04-23T00:00:00.000Z,0.1,0.45,0.2,0.19,0.2,0.051,613
2025-04-24T00:00:00.000Z,0,0.43,0.1,0.1,0.17,0.069,614
2025-04-25T00:00:00.000Z,0,0.56,0.1,0.1,0.1,0.048,611
2025-04-26T00:00:00.000Z,0,0.38,0.1,0.1,0.1,0.049,612
2025-04-27T00:00:00.000Z,0,0.4,0.1,0.1,0.2,0.068,612
2025-04-28T00:00:00.000Z,0.2,3.22,0.9,0.5,1.5,0.72,612
2025-04-29T00:00:00.000Z,0,1.27,0.2,0.1,0.4,0.244,612
2025-04-30T00:00:00.000Z,0,0.68,0.1,0.08,0.2,0.094,611
2025-05-01T00:00:00.000Z,0.1,0.55,0.2,0.2,0.3,0.08,613
2025-05-02T00:00:00.000Z,0.08,1.35,0.3,0.2,0.5,0.21,560
2025-05-03T00:00:00.000Z,0,0.1,0,0,0,0.017,509
2025-05-04T00:00:00.000Z,0,5.53,0.1,0.1,0.1,0.342,613
2025-05-05T00:00:00.000Z,0,0.6,0.05,0,0.1,0.065,611
2025-05-06T00:00:00.000Z,0,0.5,0.1,0.1,0.17,0.067,610
2025-05-07T00:00:00.000Z,0.1,0.98,0.4,0.3,0.5,0.154,610
2025-05-08T00:00:00.000Z,0.13,0.56,0.3,0.2,0.3,0.063,610
2025-05-09T00:00:00.000Z,0.1,0.55,0.3,0.2,0.3,0.058,611
2025-05-10T00:00:00.000Z,0.1,1.25,0.3,0.2,0.4,0.114,612
2025-05-11T00:00:00.000Z,0.1,1.2,0.3,0.2,0.35,0.139,613
2025-05-12T00:00:00.000Z,0.1,0.55,0.2,0.2,0.3,0.058,610
2025-05-13T00:00:00.000Z,0.1,0.5,0.3,0.2,0.3,0.06,612
2025-05-14T00:00:00.000Z,0.1,1,0.4,0.3,0.5,0.154,612
2025-05-15T00:00:00.000Z,0.2,0.8,0.5,0.4,0.56,0.13,614
2025-05-16T00:00:00.000Z,0.13,1.17,0.45,0.35,0.55,0.163,613
2025-05-17T00:00:00.000Z,0.1,0.6,0.3,0.25,0.3,0.076,613
2025-05-18T00:00:00.000Z,0.1,1.25,0.3,0.22,0.4,0.13,613
2025-05-19T00:00:00.000Z,0,0.7,0.3,0.1,0.4,0.152,612
2025-05-20T00:00:00.000Z,0.1,0.82,0.2,0.2,0.3,0.075,612
2025-05-21T00:00:00.000Z,0.1,0.75,0.2,0.2,0.2,0.064,613
2025-05-22T00:00:00.000Z,0.1,0.4,0.2,0.2,0.2,0.05,613
2025-05-23T00:00:00.000Z,0.1,0.9,0.3,0.2,0.4,0.106,612
2025-05-24T00:00:00.000Z,0,0.38,0.1,0.1,0.2,0.06,612
2025-05-25T00:00:00.000Z,0.2,1.3,0.47,0.35,0.7,0.274,611
2025-05-26T00:00:00.000Z,0.2,1.48,0.5,0.4,0.75,0.284,612
2025-05-27T00:00:00.000Z,0.2,0.82,0.3,0.3,0.4,0.104,613
2025-05-28T00:00:00.000Z,0.1,0.73,0.3,0.2,0.3,0.084,613
2025-05-29T00:00:00.000Z,0,19.1,0.2,0.15,0.2,1.264,613
2025-05-30T00:00:00.000Z,0,0.5,0.1,0.1,0.2,0.086,613
2025-05-31T00:00:00.000Z,0,1.27,0.1,0.1,0.1,0.094,614
2025-06-01T00:00:00.000Z,0,2.83,0.2,0.1,0.27,0.217,608
2025-06-02T00:00:00.000Z,0.1,0.52,0.28,0.2,0.3,0.078,609
2025-06-03T00:00:00.000Z,0,0.7,0.2,0.2,0.28,0.083,597
2025-06-04T00:00:00.000Z,0.1,3.75,0.72,0.3,2.5,1.127,598
2025-06-05T00:00:00.000Z,0.2,3.67,0.8,0.45,1.75,0.898,612
2025-06-06T00:00:00.000Z,0.15,1.08,0.4,0.2,0.5,0.158,612
2025-06-07T00:00:00.000Z,0.1,1.02,0.4,0.3,0.5,0.167,612
2025-06-08T00:00:00.000Z,0,0.6,0.1,0.1,0.2,0.078,608
2025-06-09T00:00:00.000Z,0,0.4,0.1,0.1,0.2,0.052,611
2025-06-10T00:00:00.000Z,0,5.68,0.2,0.1,2.54,1.886,609
2025-06-11T00:00:00.000Z,1.67,5.25,3.5,2.84,4.05,0.804,609
2025-06-12T00:00:00.000Z,0,4.09,0.3,0.2,0.7,0.9,542
2025-06-13T00:00:00.000Z,0,8.35,0.1,0.1,0.2,0.347,614
2025-06-14T00:00:00.000Z,0,1,0.2,0.15,0.3,0.132,613
2025-06-15T00:00:00.000Z,0.1,1.58,0.75,0.6,0.9,0.265,385
2025-06-16T00:00:00.000Z,0.3,1.33,0.68,0.55,0.77,0.157,469
2025-06-17T00:00:00.000Z,0.2,4.03,0.4,0.32,2.64,1.167,609
2025-06-18T00:00:00.000Z,0.2,3.45,0.73,0.5,2.42,1.016,613
2025-06-19T00:00:00.000Z,0,0.52,0.15,0.1,0.2,0.063,615
2025-06-20T00:00:00.000Z,0,0.3,0.1,0.1,0.2,0.05,606
2025-06-21T00:00:00.000Z,0,0.7,0.2,0.1,0.3,0.12,605
2025-06-22T00:00:00.000Z,0,3.6,0.3,0.2,0.4,0.399,614
2025-06-23T00:00:00.000Z,0.1,0.93,0.4,0.3,0.5,0.148,613
2025-06-24T00:00:00.000Z,0,0.6,0.2,0.1,0.3,0.135,614
2025-06-25T00:00:00.000Z,0,0.3,0.1,0,0.1,0.05,613
2025-06-26T00:00:00.000Z,0,1,0.2,0.1,0.3,0.184,614
2025-06-27T00:00:00.000Z,0.03,0.5,0.2,0.15,0.2,0.054,610
2025-06-28T00:00:00.000Z,0,0.65,0.1,0.1,0.2,0.073,614
2025-06-29T00:00:00.000Z,0,0.88,0.3,0.1,0.5,0.215,611
2025-06-30T00:00:00.000Z,0,0.25,0,0,0,0.039,432
2025-07-01T00:00:00.000Z,0,0.4,0,0,0.1,0.093,611
2025-07-02T00:00:00.000Z,0.2,7.1,0.88,0.32,1.3,0.796,612
2025-07-03T00:00:00.000Z,0.1,8.23,0.82,0.22,1.55,1.084,611
2025-07-04T00:00:00.000Z,0,0.3,0.08,0,0.1,0.051,613
2025-07-05T00:00:00.000Z,0,0.35,0.1,0.1,0.2,0.076,611
2025-07-06T00:00:00.000Z,0,0.25,0.1,0.1,0.1,0.035,560
2025-07-07T00:00:00.000Z,0,0.56,0.1,0.1,0.1,0.056,611
2025-07-08T00:00:00.000Z,0,0.38,0.1,0.1,0.1,0.038,614
2025-07-09T00:00:00.000Z,0,1.65,0.2,0.1,0.4,0.293,614
2025-07-10T00:00:00.000Z,0.1,0.6,0.3,0.2,0.3,0.107,613
2025-07-11T00:00:00.000Z,0.2,2.25,1.35,0.47,1.6,0.561,614
2025-07-12T00:00:00.000Z,0.88,19.02,4.34,1.4,5.88,3.029,614
2025-07-13T00:00:00.000Z,0.5,6.97,2.29,1.33,3.14,1.194,612
2025-07-14T00:00:00.000Z,0.3,0.9,0.5,0.5,0.6,0.1,611
2025-07-15T00:00:00.000Z,0.3,1.1,0.6,0.5,0.7,0.129,614
2025-07-16T00:00:00.000Z,0.3,19.14,3.4,0.5,5.25,3.753,613
2025-07-17T00:00:00.000Z,0.8,10.95,1.83,1.45,2.33,1.898,613
2025-07-18T00:00:00.000Z,0.5,5.15,1.87,1.4,3.28,1.126,614
2025-07-19T00:00:00.000Z,0.95,4.7,2,1.67,2.5,0.718,614
2025-07-20T00:00:00.000Z,0.6,26.48,1.95,1.6,2.29,2.287,608
2025-07-21T00:00:00.000Z,0.9,5.03,2.7,1.95,3.1,0.756,612
2025-07-22T00:00:00.000Z,0.73,11.8,2.52,1.63,3.25,1.147,614
2025-07-23T00:00:00.000Z,0.6,2.8,1.2,0.9,1.83,0.538,613
2025-07-24T00:00:00.000Z,0.5,19.82,1.7,0.9,3.4,1.98,614
2025-07-25T00:00:00.000Z,0.55,6.68,1,0.9,1.2,0.399,612
2025-07-26T00:00:00.000Z,0.9,10.73,4.84,3.95,5.65,1.359,615
2025-07-27T00:00:00.000Z,0.88,6.28,2.74,1.92,4.59,1.456,612
2025-07-28T00:00:00.000Z,0.2,1.35,0.4,0.32,0.6,0.235,614
2025-07-29T00:00:00.000Z,0.15,1.58,0.5,0.38,0.63,0.256,614
2025-07-30T00:00:00.000Z,0.2,0.68,0.3,0.24,0.3,0.057,613
2025-07-31T00:00:00.000Z,0.1,0.56,0.25,0.2,0.3,0.072,613
2025-08-01T00:00:00.000Z,0,0.4,0.2,0.1,0.2,0.063,613
2025-08-02T00:00:00.000Z,0.1,0.6,0.3,0.2,0.4,0.089,614
2025-08-03T00:00:00.000Z,0.2,2.65,0.4,0.3,0.82,0.377,614
2025-08-04T00:00:00.000Z,0.1,1.58,0.5,0.32,0.63,0.218,611
2025-08-05T00:00:00.000Z,0.08,1.2,0.32,0.22,0.5,0.188,585
2025-08-06T00:00:00.000Z,0.05,0.68,0.2,0.1,0.2,0.081,543
2025-08-07T00:00:00.000Z,0.1,0.52,0.2,0.2,0.2,0.067,591
2025-08-08T00:00:00.000Z,0.1,0.77,0.3,0.2,0.4,0.12,598
2025-08-09T00:00:00.000Z,0.2,0.7,0.3,0.3,0.4,0.093,593
2025-08-10T00:00:00.000Z,0,0.55,0.2,0.2,0.3,0.088,612
2025-08-11T00:00:00.000Z,0,0.22,0,0,0.1,0.051,613
2025-08-12T00:00:00.000Z,0,0.5,0.1,0.1,0.2,0.074,614
2025-08-13T00:00:00.000Z,0,0.5,0.17,0.1,0.2,0.065,601
2025-08-14T00:00:00.000Z,0.13,0.5,0.3,0.28,0.3,0.066,608
2025-08-15T00:00:00.000Z,0.17,4.57,0.63,0.35,0.93,0.699,522
2025-08-16T00:00:00.000Z,0,3.58,0.2,0.1,0.4,0.707,603
2025-08-17T00:00:00.000Z,0,0.2,0,0,0.1,0.047,611
2025-08-18T00:00:00.000Z,0,0.2,0,0,0.1,0.052,609
2025-08-19T00:00:00.000Z,0,0.3,0.1,0,0.1,0.064,614
2025-08-20T00:00:00.000Z,0,0.2,0,0,0,0.016,600
2025-08-21T00:00:00.000Z,0,0.1,0,0,0,0.006,394
2025-08-22T00:00:00.000Z,0,0.08,0,0,0,0.004,397
2025-08-23T00:00:00.000Z,0,0.1,0,0,0,0.009,607
2025-08-24T00:00:00.000Z,0,0.45,0,0,0,0.028,613
2025-08-25T00:00:00.000Z,0,0.32,0,0,0,0.021,612
2025-08-26T00:00:00.000Z,0,0.2,0,0,0,0.01,613
2025-08-27T00:00:00.000Z,0,0.65,0,0,0,0.053,613
2025-08-28T00:00:00.000Z,0,0.3,0.1,0,0.1,0.067,612
2025-08-29T00:00:00.000Z,0.1,0.5,0.3,0.2,0.3,0.085,614
2025-08-30T00:00:00.000Z,0,0.38,0.13,0.1,0.2,0.053,614
2025-08-31T00:00:00.000Z,0.1,1.1,0.2,0.2,0.45,0.221,613
2025-09-01T00:00:00.000Z,0.2,0.85,0.4,0.3,0.4,0.08,612
2025-09-02T00:00:00.000Z,0.3,1.1,0.6,0.45,0.7,0.161,614
2025-09-03T00:00:00.000Z,0.1,0.63,0.3,0.2,0.3,0.087,613
2025-09-04T00:00:00.000Z,0.2,2.1,0.4,0.3,0.5,0.302,612
2025-09-05T00:00:00.000Z,0.2,9.18,0.5,0.4,1.2,0.996,490
2025-09-06T00:00:00.000Z,0.77,1.4,0.9,0.8,1.08,0.198,13
2025-09-07T00:00:00.000Z,0.1,0.5,0.2,0.2,0.3,0.078,266
2025-09-08T00:00:00.000Z,0.1,1.02,0.3,0.2,0.68,0.257,320
2025-09-09T00:00:00.000Z,0.32,2.42,1.2,0.5,1.6,0.576,610
2025-09-10T00:00:00.000Z,0.63,2.9,1.4,1.08,1.9,0.498,579
2025-09-11T00:00:00.000Z,0.75,5.82,2.24,1.3,3.7,1.397,608
2025-09-12T00:00:00.000Z,0.2,1.98,0.6,0.4,1,0.391,614
2025-09-13T00:00:00.000Z,0,0.82,0.1,0.1,0.2,0.079,614
2025-09-14T00:00:00.000Z,0,0.56,0.1,0.03,0.2,0.11,614
2025-09-15T00:00:00.000Z,0.1,0.63,0.2,0.2,0.3,0.062,524
2025-09-16T00:00:00.000Z,0,0.73,0.1,0.1,0.17,0.068,614
2025-09-17T00:00:00.000Z,0,0.32,0.05,0,0.1,0.062,614
2025-09-18T00:00:00.000Z,0,0.43,0,0,0.1,0.064,613
2025-09-19T00:00:00.000Z,0,0.6,0.1,0.1,0.2,0.075,588
2025-09-20T00:00:00.000Z,0,1.73,0.3,0.2,0.43,0.265,488
2025-09-21T00:00:00.000Z,0.35,1.25,0.6,0.5,0.75,0.176,611
2025-09-22T00:00:00.000Z,0,0.85,0.1,0,0.2,0.129,610
2025-09-23T00:00:00.000Z,0,0.28,0,0,0,0.023,612
2025-09-24T00:00:00.000Z,0,0.8,0,0,0,0.036,613
2025-09-25T00:00:00.000Z,0,0.1,0,0,0,0.01,614
2025-09-26T00:00:00.000Z,0,0.4,0,0,0,0.031,609
2025-09-27T00:00:00.000Z,0,0.7,0.1,0.1,0.3,0.148,610
2025-09-28T00:00:00.000Z,0,0.56,0.1,0.1,0.2,0.078,600
2025-09-29T00:00:00.000Z,0,0.25,0.1,0.1,0.1,0.044,605
2025-09-30T00:00:00.000Z,0,0.3,0.1,0,0.1,0.056,603
2025-10-01T00:00:00.000Z,0.1,0.43,0.2,0.1,0.2,0.06,594
2025-10-02T00:00:00.000Z,0.2,0.7,0.3,0.3,0.4,0.077,586
2025-10-03T00:00:00.000Z,0.2,1.77,0.4,0.3,0.7,0.253,588
2025-10-04T00:00:00.000Z,0.4,3.2,1.55,0.9,2.02,0.641,598
2025-10-05T00:00:00.000Z,0.1,1.63,0.4,0.3,0.64,0.283,604
2025-10-06T00:00:00.000Z,0,0.55,0.1,0.1,0.1,0.057,606
2025-10-07T00:00:00.000Z,0,0.47,0.1,0.1,0.17,0.052,600
2025-10-08T00:00:00.000Z,0,0.32,0.1,0.03,0.1,0.05,610
2025-10-09T00:00:00.000Z,0,0.85,0,0,0.1,0.072,608
2025-10-10T00:00:00.000Z,0,0.63,0,0,0.1,0.06,603
2025-10-11T00:00:00.000Z,0,0.63,0.1,0.03,0.1,0.061,606
2025-10-12T00:00:00.000Z,0,0.45,0,0,0.1,0.066,602
2025-10-13T00:00:00.000Z,0,0.45,0,0,0,0.027,610
2025-10-14T00:00:00.000Z,0,0.3,0,0,0,0.02,608
2025-10-15T00:00:00.000Z,0,0.85,0,0,0.1,0.078,609
2025-10-16T00:00:00.000Z,0,0.35,0.1,0,0.1,0.053,520
2025-10-17T00:00:00.000Z,0,0.2,0,0,0,0.023,606
2025-10-18T00:00:00.000Z,0,0.5,0,0,0.1,0.064,613
2025-10-19T00:00:00.000Z,0,1.23,0,0,0.1,0.094,614
2025-10-20T00:00:00.000Z,0,0.52,0.1,0,0.15,0.095,614
2025-10-21T00:00:00.000Z,0.2,4.2,1,0.5,2.29,1.076,613
2025-10-22T00:00:00.000Z,2.13,5.18,3.55,3.1,4.09,0.63,614
2025-10-23T00:00:00.000Z,1.14,3.15,2,1.76,2.22,0.354,613
2025-10-24T00:00:00.000Z,1.85,15.9,4.19,2.63,7.35,3.646,614
2025-10-25T00:00:00.000Z,0.2,3.97,0.89,0.5,1.73,0.917,612
2025-10-26T00:00:00.000Z,0,0.52,0.1,0.1,0.2,0.076,614
2025-10-27T00:00:00.000Z,0,0.28,0,0,0.05,0.043,611
2025-10-28T00:00:00.000Z,0,0.1,0,0,0,0.038,614
2025-10-29T00:00:00.000Z,0,0.2,0,0,0,0.016,614
2025-10-30T00:00:00.000Z,0,0.55,0.1,0.05,0.2,0.085,615
2025-10-31T00:00:00.000Z,0,0.5,0.1,0.1,0.1,0.068,614
2025-11-01T00:00:00.000Z,0,0.77,0,0,0.1,0.086,614
2025-11-02T00:00:00.000Z,0.1,0.8,0.3,0.2,0.3,0.105,614
2025-11-03T00:00:00.000Z,0,0.35,0.1,0.1,0.13,0.043,614
2025-11-04T00:00:00.000Z,0,0.63,0.1,0.1,0.2,0.059,614
2025-11-05T00:00:00.000Z,0,0.6,0.1,0.1,0.2,0.079,612
2025-11-06T00:00:00.000Z,0,0.3,0.1,0.1,0.1,0.043,614
2025-11-07T00:00:00.000Z,0,0.88,0.1,0.1,0.2,0.207,614
2025-11-08T00:00:00.000Z,0.3,1.14,0.6,0.5,0.7,0.163,614
2025-11-09T00:00:00.000Z,0.1,0.7,0.3,0.2,0.3,0.09,613
2025-11-10T00:00:00.000Z,0,0.3,0.1,0.1,0.1,0.059,612
2025-11-11T00:00:00.000Z,0,0.1,0,0,0,0.034,614
2025-11-12T00:00:00.000Z,0,0.68,0.2,0.1,0.4,0.158,614
2025-11-13T00:00:00.000Z,0,0.88,0.2,0.1,0.3,0.102,614
2025-11-14T00:00:00.000Z,0,0.7,0,0,0,0.049,614
2025-11-15T00:00:00.000Z,0,0.3,0,0,0.05,0.05,614
2025-11-16T00:00:00.000Z,0,0.56,0.08,0,0.1,0.055,614
2025-11-17T00:00:00.000Z,0,0.2,0,0,0,0.038,614
2025-11-18T00:00:00.000Z,0,0.32,0,0,0,0.045,614
2025-11-19T00:00:00.000Z,0.1,1.05,0.2,0.2,0.3,0.093,614
2025-11-20T00:00:00.000Z,0,0.75,0.1,0.1,0.2,0.064,613
2025-11-21T00:00:00.000Z,0,0.6,0.2,0.1,0.2,0.071,614
2025-11-22T00:00:00.000Z,0,0.47,0.1,0.05,0.1,0.056,614
2025-11-23T00:00:00.000Z,0,0.65,0.2,0.13,0.3,0.103,500
2025-11-24T00:00:00.000Z,0,0.68,0.1,0.1,0.2,0.073,614
2025-11-25T00:00:00.000Z,0.1,0.5,0.2,0.1,0.2,0.081,614
2025-11-26T00:00:00.000Z,0,0.55,0.1,0.1,0.1,0.051,148