# Sensor Högkullevägen, Lindome, Sweden (Citizen Science project sensor.community/81376)
# https://aqicn.org/station/@404209/
# Daily pm25
date,min,max,median,q1,q3,stdev,count
2023-06-18T00:00:00.000Z,5.85,9.07,7.43,6.97,7.93,0.639,111
2023-06-19T00:00:00.000Z,3.35,14,9.23,8.35,10.13,1.973,378
2023-06-20T00:00:00.000Z,8.6,20.88,13.95,12.91,15.84,2.086,493
2023-06-21T00:00:00.000Z,2.95,65.09,9.6,6.97,17.01,6.61,573
2023-06-22T00:00:00.000Z,2.35,47.38,4.8,3.97,5.5,2.243,569
2023-06-23T00:00:00.000Z,1.3,10.07,3.2,1.95,6.68,2.614,570
2023-06-24T00:00:00.000Z,2.97,11.38,5.6,4.63,7.74,2.05,568
2023-06-25T00:00:00.000Z,1.75,11.02,4.37,3,6.55,2.067,588
2023-06-26T00:00:00.000Z,1.5,12.13,3.47,3.14,3.9,0.853,500
2023-06-27T00:00:00.000Z,1.8,5.3,3.3,2.75,3.82,0.729,577
2023-06-28T00:00:00.000Z,0.98,7.65,3.05,2.4,3.7,1.254,584
2023-06-29T00:00:00.000Z,2.1,26.17,4.2,3.22,6.69,4.158,584
2023-06-30T00:00:00.000Z,1.05,24.2,2.27,1.7,3.22,3.679,581
2023-07-01T00:00:00.000Z,1.27,22.63,2.97,2.5,3.83,2.265,368
2023-07-02T00:00:00.000Z,1.42,9.88,3.15,2.5,3.97,1.092,581
2023-07-03T00:00:00.000Z,1.52,6.1,3.03,2.35,3.7,0.942,556
2023-07-04T00:00:00.000Z,1.2,6.05,2.29,1.9,2.8,0.81,412
2023-07-05T00:00:00.000Z,1.25,4.59,2.65,2.2,3,0.579,540
2023-07-06T00:00:00.000Z,1.35,4.43,2.17,1.83,2.6,0.644,275
2023-07-07T00:00:00.000Z,1.12,4.43,1.98,1.7,2.35,0.686,503
2023-07-08T00:00:00.000Z,1.88,5.75,3.1,2.5,3.6,0.774,346
2023-07-09T00:00:00.000Z,1.6,13.85,3.49,2.4,4.9,1.413,370
2023-07-10T00:00:00.000Z,2.02,9.4,3.6,2.8,4.32,1.029,350
2023-07-11T00:00:00.000Z,1.2,10.73,3.42,2.15,4.92,2.47,532
2023-07-12T00:00:00.000Z,1,6.57,3.7,2.92,4.38,1.07,565
2023-07-13T00:00:00.000Z,0.8,5.09,2.52,1.77,3.25,1,555
2023-07-14T00:00:00.000Z,0.88,5.03,1.83,1.4,2.67,0.784,533
2023-07-15T00:00:00.000Z,1.8,10.52,3.24,2.78,4.28,1.371,578
2023-07-16T00:00:00.000Z,1.73,15.15,3.7,3.08,4.93,2.895,583
2023-07-17T00:00:00.000Z,0.7,6.5,3.25,1.95,4.07,1.226,382
2023-07-18T00:00:00.000Z,0.8,4.03,1.9,1.4,2.35,0.638,563
2023-07-19T00:00:00.000Z,0.8,3.85,1.76,1.32,2.45,0.647,464
2023-07-20T00:00:00.000Z,0.4,3.28,1.7,1.33,2.08,0.498,565
2023-07-21T00:00:00.000Z,0.65,9.35,1.4,1.14,1.73,0.648,584
2023-07-22T00:00:00.000Z,0.6,3.8,1.38,1,2,0.57,577
2023-07-23T00:00:00.000Z,0.56,3.3,1.8,1.4,2.04,0.496,584
2023-07-24T00:00:00.000Z,0.4,14.9,1.55,1.2,2.38,2.845,582
2023-07-25T00:00:00.000Z,1.17,4.8,2.02,1.67,3.08,0.906,584
2023-07-26T00:00:00.000Z,0.63,17.85,1.58,1.3,1.83,1.116,579
2023-07-27T00:00:00.000Z,0.6,14.48,1.8,0.95,2.27,1.37,575
2023-07-28T00:00:00.000Z,0.73,3.78,1.8,1.3,2.38,0.677,585
2023-07-29T00:00:00.000Z,1.2,12.7,2.83,2.33,3.22,1.603,582
2023-07-30T00:00:00.000Z,0.95,11.32,2.25,1.8,3.4,1.399,587
2023-07-31T00:00:00.000Z,0.5,4.82,1.63,1.33,2.12,0.709,577
2023-08-01T00:00:00.000Z,1.14,5.55,2.17,1.7,3.15,0.998,589
2023-08-02T00:00:00.000Z,0.85,3.88,1.8,1.4,2.29,0.58,573
2023-08-03T00:00:00.000Z,1,7.6,2.22,1.6,2.7,0.889,567
2023-08-04T00:00:00.000Z,2.35,8.18,3.72,3.33,4.53,0.967,579
2023-08-05T00:00:00.000Z,0.8,9.05,1.98,1.4,3.2,1.202,583
2023-08-06T00:00:00.000Z,0.77,2.4,1.6,1.38,1.83,0.319,582
2023-08-07T00:00:00.000Z,0.35,9.77,1.1,0.77,1.7,1.328,581
2023-08-08T00:00:00.000Z,1.23,14.1,3.05,2.25,3.97,1.206,580
2023-08-09T00:00:00.000Z,1.08,14.68,2.6,2,3.17,0.983,578
2023-08-10T00:00:00.000Z,0.45,3,1.45,1,1.88,0.527,567
2023-08-11T00:00:00.000Z,1.1,5,1.9,1.67,2.45,0.777,576
2023-08-12T00:00:00.000Z,1.7,9.05,3.67,2.7,6.05,1.833,588
2023-08-13T00:00:00.000Z,2.78,25.02,5.05,4.32,6.8,4.918,582
2023-08-14T00:00:00.000Z,1.4,10.6,3.39,2.54,5.71,1.974,588
2023-08-15T00:00:00.000Z,2.6,23.42,5.15,4.09,6.45,2.188,585
2023-08-16T00:00:00.000Z,1.08,5.6,2.27,1.77,2.7,0.757,586
2023-08-17T00:00:00.000Z,0.98,4.78,1.9,1.57,2.34,0.634,585
2023-08-18T00:00:00.000Z,1.25,3.78,1.92,1.7,2.45,0.561,583
2023-08-19T00:00:00.000Z,1.9,50.05,4.28,3.22,5.7,5.499,579
2023-08-20T00:00:00.000Z,1.58,11.85,5.43,4.09,7.02,2.193,569
2023-08-21T00:00:00.000Z,1.42,10.18,2.45,2.17,3,1.755,564
2023-08-22T00:00:00.000Z,1.6,6,2.7,2.34,3.13,0.761,576
2023-08-23T00:00:00.000Z,1.33,5.53,2.38,2,3.03,0.705,586
2023-08-24T00:00:00.000Z,1,6.25,1.88,1.58,2.2,0.478,578
2023-08-25T00:00:00.000Z,1.45,31.05,2.38,2,5.07,3.528,581
2023-08-26T00:00:00.000Z,0.73,16.77,1.95,1.55,4.9,3.314,586
2023-08-27T00:00:00.000Z,0.9,2.63,1.6,1.35,1.8,0.325,570
2023-08-28T00:00:00.000Z,0.7,3.28,1.6,1.27,1.88,0.503,583
2023-08-29T00:00:00.000Z,0.73,3.17,1.58,1.17,1.9,0.44,581
2023-08-30T00:00:00.000Z,1.08,3.22,1.67,1.5,1.88,0.323,549
2023-08-31T00:00:00.000Z,0.9,15.52,1.85,1.35,2.22,0.902,578
2023-09-01T00:00:00.000Z,1.02,5.72,2.08,1.8,2.47,0.718,567
2023-09-02T00:00:00.000Z,0.9,5.25,2.35,1.98,2.75,0.632,574
2023-09-03T00:00:00.000Z,1.3,15.2,2.83,2.1,3.94,1.842,573
2023-09-04T00:00:00.000Z,2.1,11.88,4.32,3.1,5.35,1.984,472
2023-09-05T00:00:00.000Z,3.17,35.78,7.53,4.53,13.25,7.288,579
2023-09-06T00:00:00.000Z,1.83,13.98,3.7,3.13,5.38,2.789,577
2023-09-07T00:00:00.000Z,2.1,13.1,3.71,2.97,4.8,2.595,586
2023-09-08T00:00:00.000Z,2.72,19.73,5.71,4.47,7.1,1.819,584
2023-09-09T00:00:00.000Z,5.38,17.35,8.77,7.57,10.23,2.189,572
2023-09-10T00:00:00.000Z,6.53,37.67,14.56,9.69,19.55,6.093,576
2023-09-18T00:00:00.000Z,1.65,15.95,5.38,2.5,7.48,3.7,569
2023-09-19T00:00:00.000Z,0.55,13.43,1.95,1.52,2.7,3.028,552
2023-09-20T00:00:00.000Z,0.5,21.63,3.5,2.27,4.4,1.944,555
2023-09-21T00:00:00.000Z,1.05,4.84,2.22,1.92,3.2,0.766,581
2023-09-22T00:00:00.000Z,0.43,5.4,1.35,1.08,3.7,1.432,574
2023-09-23T00:00:00.000Z,0.7,17.52,1.3,1.1,1.5,1.103,588
2023-09-24T00:00:00.000Z,0.9,4.8,1.69,1.42,2.13,0.807,574
2023-09-25T00:00:00.000Z,1.14,5.6,2.38,1.92,3.32,0.967,588
2023-09-26T00:00:00.000Z,1.73,11.07,4.67,2.9,6.18,2.166,556
2023-09-27T00:00:00.000Z,5.2,29.33,14.88,12.75,23.1,5.984,562
2023-09-28T00:00:00.000Z,1.38,25.73,11.45,2.87,14.82,6.012,581
2023-09-29T00:00:00.000Z,0.7,9.69,3.75,3.19,4.4,1.425,588
2023-09-30T00:00:00.000Z,1.3,5.22,2.83,2.17,3.53,0.88,572
2023-10-01T00:00:00.000Z,0.82,7.53,1.75,1.3,2.38,0.778,541
2023-10-02T00:00:00.000Z,1.23,6.85,3.47,2.88,4,1.026,560
2023-10-03T00:00:00.000Z,0.6,5.4,2.22,1.4,2.65,0.802,570
2023-10-04T00:00:00.000Z,1.77,7.43,2.85,2.47,3.5,1.034,575
2023-10-05T00:00:00.000Z,0.4,19.23,1.35,1.1,1.6,1.229,575
2023-10-06T00:00:00.000Z,0.1,9.4,3.1,1.8,4.2,1.562,572
2023-10-07T00:00:00.000Z,0.1,5.57,0.63,0.4,1.42,0.75,572
2023-10-08T00:00:00.000Z,0.3,35.2,1.19,0.7,1.8,1.68,566
2023-10-09T00:00:00.000Z,0.7,4,1.25,1,1.7,0.488,553
2023-10-10T00:00:00.000Z,0.6,35.95,1.55,1.17,5.22,3.942,539
2023-10-11T00:00:00.000Z,0.82,11.65,3.5,2.8,8.38,3.074,563
2023-10-12T00:00:00.000Z,1.08,6.25,1.98,1.63,2.52,0.641,564
2023-10-13T00:00:00.000Z,0.2,18.88,1.65,1.14,2,1.237,555
2023-10-14T00:00:00.000Z,1.14,4.93,2.15,1.83,2.6,0.57,569
2023-10-15T00:00:00.000Z,0.32,8.98,0.9,0.68,1.14,0.609,575
2023-10-16T00:00:00.000Z,0.1,7.88,0.8,0.5,1.42,1.281,567
2023-10-17T00:00:00.000Z,0.6,3.4,1.27,1.05,1.6,0.46,564
2023-10-18T00:00:00.000Z,0.1,2.33,0.4,0.3,0.68,0.252,559
2023-10-19T00:00:00.000Z,0.25,2.9,0.85,0.7,1.02,0.282,562
2023-10-20T00:00:00.000Z,0.1,4.3,0.6,0.43,0.82,0.352,584
2023-10-21T00:00:00.000Z,0,39.35,0.4,0.28,0.5,2.581,578
2023-10-22T00:00:00.000Z,0.1,5.4,1.1,0.4,2.5,1.155,571
2023-10-23T00:00:00.000Z,0.22,5.55,1.25,0.95,1.6,0.64,583
2023-10-24T00:00:00.000Z,0.2,2.29,0.62,0.47,0.8,0.249,580
2023-10-25T00:00:00.000Z,0.2,8.69,0.8,0.6,0.98,0.614,584
2023-10-26T00:00:00.000Z,0.17,8,0.7,0.5,0.9,0.812,575
2023-10-27T00:00:00.000Z,0.3,18.73,1.14,0.9,1.95,0.956,577
2023-10-28T00:00:00.000Z,0.5,19.88,1.4,1,2.1,1.727,587
2023-10-29T00:00:00.000Z,0.03,16.39,1.08,0.38,1.33,0.967,581
2023-10-30T00:00:00.000Z,0.15,5.45,1.41,0.4,2.78,1.264,586
2023-10-31T00:00:00.000Z,0.1,1.65,0.45,0.3,0.56,0.181,588
2023-11-01T00:00:00.000Z,0.2,3.1,0.65,0.52,0.8,0.26,560
2023-11-02T00:00:00.000Z,0.17,7.07,3.63,2.78,4.43,1.337,550
2023-11-03T00:00:00.000Z,1.4,10.32,2.72,2.08,5.93,2.151,587
2023-11-04T00:00:00.000Z,1.12,8.23,2.5,1.92,3.55,1.324,587
2023-11-05T00:00:00.000Z,0.98,137.77,2.75,2.38,3.05,6.164,586
2023-11-06T00:00:00.000Z,0.6,7.97,2.95,1.1,3.83,2.032,570
2023-11-07T00:00:00.000Z,0.6,6.43,1.75,1.3,2.5,0.904,572
2023-11-08T00:00:00.000Z,0.82,7.9,2,1.58,3.34,1.207,580
2023-11-09T00:00:00.000Z,0.1,9.85,1.9,0.9,3.14,1.629,545
2023-11-10T00:00:00.000Z,0.8,44.58,2.74,1.83,3.72,3.179,546
2023-11-11T00:00:00.000Z,1.35,10.73,2.9,2.2,3.9,1.241,578
2023-11-12T00:00:00.000Z,0.75,18.39,1.8,1.35,2.54,2.868,352
2023-11-13T00:00:00.000Z,0.4,83.43,1.2,0.8,1.58,3.723,581
2023-11-14T00:00:00.000Z,0.2,1.98,0.7,0.52,0.85,0.226,436
2023-11-15T00:00:00.000Z,0.4,15.25,0.8,0.68,1.14,1.01,575
2023-11-16T00:00:00.000Z,0.5,18.42,1.2,1,1.52,1.305,584
2023-11-17T00:00:00.000Z,0.75,77.22,1.8,1.5,2.29,4.368,487
2023-11-18T00:00:00.000Z,0.9,18.3,2.38,1.88,2.85,1.901,578
2023-11-19T00:00:00.000Z,0.8,7.25,1.7,1.4,1.95,0.494,577
2023-11-20T00:00:00.000Z,1.02,10.48,2,1.7,2.31,0.755,577
2023-11-21T00:00:00.000Z,1.17,11.43,3,1.85,3.63,1.09,579
2023-11-22T00:00:00.000Z,0.6,3.78,1.8,1.48,2.45,0.652,586
2023-11-23T00:00:00.000Z,0.25,4.82,1.87,1.23,2.83,1.049,582
2023-11-24T00:00:00.000Z,0.05,2.52,0.5,0.3,0.73,0.387,586
2023-11-25T00:00:00.000Z,0.1,18.82,0.7,0.5,2.14,1.994,580
2023-11-26T00:00:00.000Z,0.6,22.83,2.47,1.74,3.7,1.611,581
2023-11-27T00:00:00.000Z,0.22,7.65,1.02,0.7,1.3,0.593,582
2023-11-28T00:00:00.000Z,0.43,4.9,1.1,0.93,1.4,0.52,586
2023-11-29T00:00:00.000Z,0.63,17.7,1.7,1.2,2.6,1.617,435
2023-11-30T00:00:00.000Z,0.7,4.4,1.83,1.55,2.25,0.52,434
2023-12-01T00:00:00.000Z,0.88,11.35,1.7,1.5,2,0.91,581
2023-12-02T00:00:00.000Z,0.7,16.67,2.62,1.77,3.33,1.799,530
2023-12-03T00:00:00.000Z,1.23,25.15,3.03,2.38,5.4,2.601,587
2023-12-04T00:00:00.000Z,0.98,15.7,2.45,1.79,3.7,1.572,584
2023-12-05T00:00:00.000Z,1,19.95,1.94,1.6,2.5,1.488,580
2023-12-06T00:00:00.000Z,0.43,3.85,1.2,0.9,1.48,0.398,587
2023-12-07T00:00:00.000Z,0.88,11.02,2.82,2.04,4.3,1.345,586
2023-12-08T00:00:00.000Z,2.9,199,5.65,4.68,6.68,10.133,588
2023-12-09T00:00:00.000Z,3.7,17.25,7.82,6.45,8.82,1.689,586
2023-12-10T00:00:00.000Z,1.17,10.48,4.28,2.47,5.95,2.111,590
2023-12-11T00:00:00.000Z,0.6,7.97,1.23,0.98,1.77,0.786,582
2023-12-12T00:00:00.000Z,0.8,4.22,1.9,1.6,2.39,0.77,565
2023-12-13T00:00:00.000Z,0.4,34.45,1.14,0.9,1.58,1.93,589
2023-12-14T00:00:00.000Z,0.4,12.27,1.42,1.17,1.8,0.699,582
2023-12-15T00:00:00.000Z,1.8,44,4.7,3.9,5.71,2.603,584
2023-12-16T00:00:00.000Z,2.04,9.82,4.07,3.53,4.75,0.92,584
2023-12-17T00:00:00.000Z,0.8,6.8,3.44,2.7,4.18,1.084,588
2023-12-18T00:00:00.000Z,0.56,6.28,1.83,1.23,2.45,0.901,587
2023-12-19T00:00:00.000Z,0.95,4.53,2.5,2.09,2.97,0.613,536
2023-12-20T00:00:00.000Z,0.8,6.28,2.2,1.7,2.72,0.718,587
2023-12-21T00:00:00.000Z,0.05,6.47,1.8,1,2.85,1.242,590
2023-12-22T00:00:00.000Z,0.1,6.6,0.85,0.65,1.08,0.402,585
2023-12-23T00:00:00.000Z,0.1,3.55,0.7,0.4,1.7,0.774,587
2023-12-24T00:00:00.000Z,0,9.25,1.3,0.98,1.63,0.888,581
2023-12-25T00:00:00.000Z,0.88,7.4,2.25,1.67,3.92,1.326,588
2023-12-26T00:00:00.000Z,0.35,8.18,1.08,0.82,1.45,0.858,490
2023-12-27T00:00:00.000Z,0.1,7.1,1.08,0.7,1.7,0.85,586
2023-12-28T00:00:00.000Z,0,41.4,3.13,1.2,4.15,3.147,586
2023-12-29T00:00:00.000Z,0.3,34.97,2.52,1.9,3.05,1.765,576
2023-12-30T00:00:00.000Z,0.22,9.63,1.74,1.27,2.6,1.233,586
2023-12-31T00:00:00.000Z,0.1,3.4,0.6,0.47,0.8,0.535,579
2024-01-01T00:00:00.000Z,0,12.82,0.56,0.1,1.25,1.241,571
2024-01-02T00:00:00.000Z,0.17,10.27,1.1,0.9,1.38,0.622,491
2024-01-03T00:00:00.000Z,0,2.78,0.55,0.4,0.73,0.29,574
2024-01-04T00:00:00.000Z,0.03,5.43,0.82,0.55,1.1,0.469,586
2024-01-05T00:00:00.000Z,0.17,52.83,1,0.73,1.7,2.687,575
2024-01-06T00:00:00.000Z,0.2,15.13,1.45,0.98,2.1,1.427,587
2024-01-07T00:00:00.000Z,0.43,25.3,2.2,1.5,3.05,2.045,586
2024-01-08T00:00:00.000Z,0.47,21.55,3.85,1.67,7.9,4.033,587
2024-01-09T00:00:00.000Z,2,20.5,6.8,4.9,9.26,2.999,589
2024-01-10T00:00:00.000Z,3.38,21.42,6.35,5.38,7.4,1.662,579
2024-01-11T00:00:00.000Z,1.38,14.77,3.33,2.85,3.92,1.149,587
2024-01-12T00:00:00.000Z,1.5,23.33,3.6,2.58,5.15,3.329,589
2024-01-13T00:00:00.000Z,0.75,35.88,2.52,1.85,3.4,2.985,586
2024-01-14T00:00:00.000Z,0.08,46.4,1.55,0.9,2.1,3.302,583
2024-01-29T00:00:00.000Z,1.35,13.63,3.49,2.38,9,3.399,586
2024-01-30T00:00:00.000Z,3.95,70.68,8.93,6.22,14,5.953,589
2024-01-31T00:00:00.000Z,0.4,10.19,1.85,1.45,2.4,1.46,590
2024-02-01T00:00:00.000Z,1.02,5.05,2.45,2.04,2.92,0.744,544
2024-02-02T00:00:00.000Z,0.45,8.35,3.15,2.15,4.09,1.274,538
2024-02-03T00:00:00.000Z,1.9,6.43,3.67,3.2,4.34,0.784,567
2024-02-04T00:00:00.000Z,1.1,5.07,2.35,1.98,2.83,0.605,571
2024-02-05T00:00:00.000Z,0.4,15.6,1.4,1.02,1.9,1.301,586
2024-02-06T00:00:00.000Z,0,9.94,1.02,0.63,1.38,0.764,589
2024-02-07T00:00:00.000Z,0.43,9.07,1,0.8,1.35,0.823,579
2024-02-08T00:00:00.000Z,0.3,5.05,0.81,0.68,1.1,0.591,558
2024-02-09T00:00:00.000Z,0.2,6.43,0.7,0.6,0.88,0.492,579
2024-02-10T00:00:00.000Z,0.25,17.95,1.69,1.12,2.38,0.999,582
2024-02-11T00:00:00.000Z,0.3,6.43,1.85,1.5,2.2,0.631,585
2024-02-12T00:00:00.000Z,0.7,7.63,1.8,1.45,2.25,0.743,544
2024-02-13T00:00:00.000Z,1.48,18.6,2.78,2.38,3.55,1.66,585
2024-02-14T00:00:00.000Z,1.7,6.2,3.42,2.85,4.07,0.928,588
2024-02-15T00:00:00.000Z,0.5,34.22,4,1.48,5.49,2.537,561
2024-02-16T00:00:00.000Z,0.2,13.9,4.9,2.04,7.47,3.671,579
2024-02-17T00:00:00.000Z,0,6.85,0.5,0.28,1.7,1.463,575
2024-02-18T00:00:00.000Z,0.3,11.57,0.85,0.68,1.2,0.734,455
2024-02-19T00:00:00.000Z,0.93,5.45,1.83,1.48,2.31,0.729,588
2024-02-20T00:00:00.000Z,0.68,5.7,2.9,2,3.69,1.143,584
2024-02-21T00:00:00.000Z,0.1,82.13,2.4,1.07,3.65,6.899,500
2024-02-22T00:00:00.000Z,0.68,61.17,2.44,1.3,6.49,4.642,588
2024-02-23T00:00:00.000Z,0.2,3.15,1.35,1,1.7,0.551,587
2024-02-24T00:00:00.000Z,0.88,10.6,1.8,1.52,2.25,1.004,462
2024-02-25T00:00:00.000Z,0.5,49.4,2.78,1.48,5.5,3.614,555
2024-02-26T00:00:00.000Z,0.75,7.65,2.22,1.6,2.89,1.039,584
2024-02-27T00:00:00.000Z,0.63,4.32,1.5,1.1,2.4,0.822,503
2024-02-28T00:00:00.000Z,3.22,15.27,8.64,5.4,10.9,2.93,590
2024-02-29T00:00:00.000Z,5.75,16.64,11.39,9.47,12.6,2.278,588
2024-03-01T00:00:00.000Z,8.18,22.13,13.22,10.95,15.9,2.737,506
2024-03-02T00:00:00.000Z,4.68,27.4,13.27,7.82,18.23,6.351,585
2024-03-03T00:00:00.000Z,7.78,22.17,12.13,10.76,16.98,3.702,585
2024-03-04T00:00:00.000Z,2.8,9.05,4.59,3.97,5.65,1.193,584
2024-03-05T00:00:00.000Z,1.5,6.68,3.58,3,4.25,1.024,578
2024-03-06T00:00:00.000Z,1.12,3.25,1.85,1.63,2.2,0.396,582
2024-03-07T00:00:00.000Z,0.88,4.84,1.88,1.55,2.63,0.813,563
2024-03-08T00:00:00.000Z,0.47,5.57,1.88,1.3,2.42,0.725,579
2024-03-09T00:00:00.000Z,0.25,2.54,0.98,0.72,1.34,0.463,577
2024-03-10T00:00:00.000Z,0.2,8.93,1.1,0.6,1.66,0.732,577
2024-03-11T00:00:00.000Z,0.85,3.17,1.91,1.73,2.2,0.349,548
2024-03-12T00:00:00.000Z,1,8.48,1.92,1.67,2.79,1.226,581
2024-03-13T00:00:00.000Z,2.92,34.58,15.75,13.18,18.02,5.313,583
2024-03-14T00:00:00.000Z,4.25,22.02,10.59,8.43,14.25,4.016,582
2024-03-15T00:00:00.000Z,5.3,27.67,14.98,10.47,20.23,5.907,585
2024-03-16T00:00:00.000Z,0,9.07,1.67,0.5,4.05,2.605,585
2024-03-17T00:00:00.000Z,0.08,2.65,0.38,0.28,0.49,0.258,564
2024-03-18T00:00:00.000Z,0.1,5.95,0.6,0.4,1.2,0.744,538
2024-03-19T00:00:00.000Z,0.4,10.4,1.48,0.9,4.05,2.673,585
2024-03-20T00:00:00.000Z,2.33,24.27,6.28,4.95,7.22,2.674,579
2024-03-21T00:00:00.000Z,0.9,32.35,4.88,2.85,6.15,2.569,586
2024-03-22T00:00:00.000Z,1.7,11.13,4.8,3.25,6.45,2.12,507
2024-03-23T00:00:00.000Z,0.5,18.6,1.83,1.35,2.67,1.081,540
2024-03-24T00:00:00.000Z,0.4,28.63,1.92,1.2,2.58,2.687,564
2024-03-25T00:00:00.000Z,0.1,8.32,0.5,0.32,1,0.934,588
2024-03-26T00:00:00.000Z,0.9,10.43,1.9,1.5,2.66,1.055,588
2024-03-27T00:00:00.000Z,1.77,6.4,2.95,2.38,4.57,1.23,587
2024-03-28T00:00:00.000Z,2.35,12.15,4.43,3.85,5.01,1.527,585
2024-03-29T00:00:00.000Z,0.85,9.88,3.53,2.13,5.95,2.401,363
2024-03-30T00:00:00.000Z,0.47,13.02,1.6,0.8,7.29,4.018,576
2024-03-31T00:00:00.000Z,0.7,18.7,4.67,1.64,6.28,2.696,576
2024-04-01T00:00:00.000Z,1.02,4.53,2.08,1.6,2.95,0.805,535
2024-04-02T00:00:00.000Z,0.1,1.75,0.73,0.4,1.04,0.396,585
2024-04-03T00:00:00.000Z,0.2,19.2,0.9,0.7,1.1,1.251,572
2024-04-04T00:00:00.000Z,0.03,2.35,0.8,0.56,1,0.329,585
2024-04-05T00:00:00.000Z,0.1,11.02,1,0.7,1.4,1.302,586
2024-04-06T00:00:00.000Z,0.5,5.6,1.42,1,2.4,1.158,587
2024-04-07T00:00:00.000Z,0.68,5.7,2,1.67,2.6,0.834,588
2024-04-08T00:00:00.000Z,0.88,4.84,1.91,1.7,2.22,0.576,586
2024-04-09T00:00:00.000Z,0.7,12.07,1.8,1.2,2.91,1.914,581
2024-04-10T00:00:00.000Z,0.47,9.02,1.88,1.42,2.4,1.621,579
2024-04-11T00:00:00.000Z,1.27,5.65,2.85,2.17,3.58,0.924,567
2024-04-12T00:00:00.000Z,0.6,10.25,3.6,2.17,4.53,1.7,567
2024-04-13T00:00:00.000Z,1.3,11.8,3.92,2.67,5.47,2.452,590
2024-04-14T00:00:00.000Z,1.23,4.95,2.29,1.98,2.6,0.578,590
2024-04-15T00:00:00.000Z,0.47,2.95,1.33,1,1.8,0.517,587
2024-04-16T00:00:00.000Z,0.1,1.52,0.6,0.4,0.85,0.288,587
2024-04-17T00:00:00.000Z,0.17,1.9,0.5,0.4,0.63,0.212,585
2024-04-18T00:00:00.000Z,0.2,2.54,0.5,0.4,0.68,0.27,590
2024-04-19T00:00:00.000Z,0.1,4.22,0.88,0.6,1.17,0.418,586
2024-04-20T00:00:00.000Z,0.3,4.43,1.33,0.94,1.85,0.671,561
2024-04-21T00:00:00.000Z,0.32,2.17,1.1,0.77,1.33,0.37,589
2024-04-22T00:00:00.000Z,0.43,7.4,1.25,1,1.6,0.969,581
2024-04-23T00:00:00.000Z,0.4,4.78,1,0.8,2.5,0.972,580
2024-04-24T00:00:00.000Z,0.6,5.75,1.58,1.12,2.15,0.67,589
2024-04-25T00:00:00.000Z,0.7,5.09,1.52,1.25,2.2,0.757,579
2024-04-26T00:00:00.000Z,0.8,6.97,1.4,1.2,1.63,0.385,566
2024-04-27T00:00:00.000Z,0.7,9.1,1.6,1.2,2.9,1.158,587
2024-04-28T00:00:00.000Z,0.85,8.77,1.5,1.3,1.98,1.393,589
2024-04-29T00:00:00.000Z,0.43,6.15,1.08,0.9,1.3,1.244,588
2024-04-30T00:00:00.000Z,0.3,2.25,0.84,0.6,1.02,0.301,588
2024-05-01T00:00:00.000Z,0.73,4.65,2,1.33,2.33,0.605,552
2024-05-02T00:00:00.000Z,0.2,2.25,1.3,1.1,1.52,0.358,590
2024-05-03T00:00:00.000Z,0.32,2.35,1.23,1.05,1.42,0.298,588
2024-05-04T00:00:00.000Z,0.98,8.6,1.6,1.4,1.97,0.599,373
2024-05-05T00:00:00.000Z,1.3,15.9,4.75,2.47,7.95,3.746,473
2024-05-06T00:00:00.000Z,0.28,16.07,1.1,0.8,2.42,4.144,590
2024-05-07T00:00:00.000Z,0.88,7.93,1.45,1.25,1.73,0.846,587
2024-05-08T00:00:00.000Z,1.12,6.03,2.85,2.17,3.53,0.915,588
2024-05-09T00:00:00.000Z,1.1,8.82,4.29,2.7,6.8,2.192,590
2024-05-10T00:00:00.000Z,1.2,6.45,2.13,1.8,3.8,1.247,589
2024-05-11T00:00:00.000Z,0.47,2.42,1.1,0.9,1.5,0.392,591
2024-05-12T00:00:00.000Z,0.85,8.13,1.8,1.42,2.22,1.057,587
2024-05-13T00:00:00.000Z,0.5,3.13,1.17,0.85,2.22,0.733,586
2024-05-14T00:00:00.000Z,0.5,1.6,0.88,0.7,1.02,0.22,590
2024-05-15T00:00:00.000Z,0.7,2.38,1.14,1.02,1.3,0.246,589
2024-05-16T00:00:00.000Z,1.14,3.72,2.4,2.15,2.63,0.442,579
2024-05-17T00:00:00.000Z,1.4,13.23,2.8,2.14,3.17,0.928,584
2024-05-18T00:00:00.000Z,1.7,4.38,2.6,2.35,3.2,0.55,590
2024-05-19T00:00:00.000Z,1.77,5.65,3.3,2.7,4.09,0.845,588
2024-05-20T00:00:00.000Z,0.95,5.3,2.6,2.17,3.42,0.914,589
2024-05-21T00:00:00.000Z,0.2,2.33,0.82,0.6,1.3,0.434,588
2024-05-22T00:00:00.000Z,0.2,3.25,1.9,1.08,2.16,0.711,588
2024-05-23T00:00:00.000Z,0.9,13.18,2.97,1.65,5.42,3.217,588
2024-05-24T00:00:00.000Z,0.9,15.85,2.4,1.5,7.13,4.682,587
2024-05-25T00:00:00.000Z,1.7,10.3,4.3,3.21,6.39,2.032,589
2024-05-26T00:00:00.000Z,2,9.9,4.55,3.4,5.5,1.509,588
2024-05-27T00:00:00.000Z,0.9,6.25,4.04,2.92,4.63,1.228,588
2024-05-28T00:00:00.000Z,1.1,7.57,3.72,2.29,4.95,1.619,588
2024-05-29T00:00:00.000Z,0.6,3.33,1.4,1.2,1.79,0.483,588
2024-05-30T00:00:00.000Z,0.7,5.07,2.72,2.2,3.15,0.862,591
2024-05-31T00:00:00.000Z,1.7,8.1,3.5,2.95,4.5,1.287,589
2024-06-01T00:00:00.000Z,2.22,27.98,5.9,3.4,6.84,2.781,557
2024-06-02T00:00:00.000Z,1.73,10.77,4.53,3.75,5.95,1.413,588
2024-06-03T00:00:00.000Z,0.82,12.05,3.35,2.22,4.55,2.044,588
2024-06-04T00:00:00.000Z,1,4.72,2.1,1.67,2.7,0.702,584
2024-06-05T00:00:00.000Z,0.6,10.1,2.08,1.5,4.26,2.245,589
2024-06-06T00:00:00.000Z,0.95,6.43,1.88,1.59,2.38,1.143,588
2024-06-07T00:00:00.000Z,0.85,6.35,1.98,1.67,2.4,0.688,583
2024-06-08T00:00:00.000Z,0.95,12.93,2,1.6,3.48,2.707,589
2024-06-09T00:00:00.000Z,0.6,2.72,1.4,1.14,1.67,0.385,590
2024-06-10T00:00:00.000Z,1.1,4.8,2.13,1.7,2.88,0.767,587
2024-06-11T00:00:00.000Z,1.1,7.43,2.2,1.73,2.72,0.756,584
2024-06-12T00:00:00.000Z,0.8,5.68,2.2,1.55,2.8,0.822,587
2024-06-13T00:00:00.000Z,0.73,4.07,1.4,1.17,1.67,0.575,588
2024-06-14T00:00:00.000Z,1.45,10.5,2.4,2.02,3.95,2.415,589
2024-06-15T00:00:00.000Z,0.9,4.57,1.98,1.63,2.42,0.693,514
2024-06-16T00:00:00.000Z,0.6,3.22,1.4,1.02,1.8,0.481,587
2024-06-17T00:00:00.000Z,0.73,3,1.45,1.1,1.94,0.499,588
2024-06-18T00:00:00.000Z,1,6.25,2.17,1.77,2.58,0.894,587
2024-06-19T00:00:00.000Z,0.7,4.32,2.25,1.42,2.95,0.818,586
2024-06-20T00:00:00.000Z,0.9,4.45,2.29,1.8,2.8,0.684,585
2024-06-21T00:00:00.000Z,1.1,8.94,1.9,1.58,2.63,0.695,583
2024-06-22T00:00:00.000Z,0.82,4.7,2.1,1.5,3.1,0.922,585
2024-06-23T00:00:00.000Z,0.6,3.7,1.5,1.12,2.2,0.612,586
2024-06-24T00:00:00.000Z,1.48,5.68,2.78,2.5,3.08,0.554,584
2024-06-25T00:00:00.000Z,0.7,5.2,2.1,1.73,2.47,0.722,589
2024-06-26T00:00:00.000Z,1.25,6.35,2.27,1.95,2.95,0.989,591
2024-06-27T00:00:00.000Z,1.45,10.48,3.97,2.88,5.18,1.442,589
2024-06-28T00:00:00.000Z,1.05,21.45,6.79,2.97,10.25,4.785,590
2024-06-29T00:00:00.000Z,0.4,2.97,1.38,1.12,1.65,0.454,591
2024-06-30T00:00:00.000Z,1.2,3.7,2.04,1.73,2.5,0.515,590
2024-07-01T00:00:00.000Z,0.7,4.15,1.4,1.17,1.65,0.46,573
2024-07-02T00:00:00.000Z,0.35,4.25,1,0.7,1.33,0.478,585
2024-07-03T00:00:00.000Z,0.5,4.8,1.4,1,1.9,0.81,588
2024-07-04T00:00:00.000Z,0.45,2.35,1.17,0.93,1.38,0.316,590
2024-07-05T00:00:00.000Z,0.4,3.1,1.3,1.1,1.63,0.458,587
2024-07-06T00:00:00.000Z,0.93,5.72,1.83,1.5,2.35,0.931,589
2024-07-07T00:00:00.000Z,0.8,3.05,1.48,1.2,1.85,0.429,591
2024-07-08T00:00:00.000Z,0.5,2.7,1.3,1,1.58,0.385,589
2024-07-09T00:00:00.000Z,0.5,6.5,1.08,0.88,1.38,0.709,587
2024-07-10T00:00:00.000Z,0.6,8.23,2,1.25,4.55,2.153,589
2024-07-11T00:00:00.000Z,1.35,7.3,3,2.45,3.85,0.97,586
2024-07-12T00:00:00.000Z,0.6,13.6,2.22,1.2,3.9,1.592,590
2024-07-13T00:00:00.000Z,1,8.1,1.98,1.67,2.29,0.54,591
2024-07-14T00:00:00.000Z,0.5,4.18,1.7,1.2,2.1,0.669,590
2024-07-15T00:00:00.000Z,0.5,3.6,1.73,1,2.17,0.661,587
2024-07-16T00:00:00.000Z,0.6,5.07,1.67,0.9,2.37,0.768,589
2024-07-17T00:00:00.000Z,1.2,9.55,2.71,1.73,3.28,1.334,586
2024-07-18T00:00:00.000Z,1.3,4.8,1.92,1.7,2.33,0.558,590
2024-07-19T00:00:00.000Z,1,3.63,2.08,1.7,2.47,0.503,580
2024-07-20T00:00:00.000Z,1.02,5.18,1.88,1.52,2.33,0.516,589
2024-07-21T00:00:00.000Z,1.27,8.27,2,1.73,2.29,0.48,590
2024-07-22T00:00:00.000Z,0.8,4.5,1.95,1.58,2.5,0.69,584
2024-07-23T00:00:00.000Z,0.98,7.38,1.88,1.48,2.7,0.821,587
2024-07-24T00:00:00.000Z,0.9,5.6,1.95,1.63,3.38,1.029,589
2024-07-25T00:00:00.000Z,0.88,3.15,1.8,1.48,2.16,0.488,588
2024-07-26T00:00:00.000Z,1.2,5.63,2.2,1.7,3.53,1.098,589
2024-07-27T00:00:00.000Z,0.6,6.3,1.42,1.08,3,1.508,590
2024-07-28T00:00:00.000Z,0.55,5,1.39,0.9,2.27,0.779,588
2024-07-29T00:00:00.000Z,0.7,4.34,1.45,1.1,1.92,0.523,589
2024-07-30T00:00:00.000Z,0.8,3.78,1.77,1.38,2.24,0.566,557
2024-07-31T00:00:00.000Z,0.5,5.68,1.45,0.95,2.5,1.159,559
2024-08-01T00:00:00.000Z,1,3.85,1.88,1.6,2.29,0.482,567
2024-08-02T00:00:00.000Z,1.2,4.25,1.88,1.7,2.58,0.593,578
2024-08-03T00:00:00.000Z,1.5,16.82,3.17,2.72,3.7,1.124,571
2024-08-04T00:00:00.000Z,1.63,10.45,4.28,2.9,5.95,2.074,551
2024-08-05T00:00:00.000Z,1.08,4.75,2.4,2,2.8,0.65,554
2024-08-06T00:00:00.000Z,0.6,8.77,2.08,1.67,2.5,0.696,551
2024-08-07T00:00:00.000Z,1.2,6.72,2.38,2,4.54,1.476,545
2024-08-08T00:00:00.000Z,0.85,6.57,1.98,1.4,2.7,1.042,563
2024-08-09T00:00:00.000Z,1.33,4.13,2.2,1.99,2.65,0.506,540
2024-08-10T00:00:00.000Z,1.38,4.55,2.41,2.15,2.72,0.462,542
2024-08-11T00:00:00.000Z,0.65,3.4,1.7,1.23,2.17,0.569,575
2024-08-12T00:00:00.000Z,0.22,5,0.9,0.6,1.26,0.529,545
2024-08-13T00:00:00.000Z,0.25,1.45,0.75,0.6,0.9,0.222,553
2024-08-14T00:00:00.000Z,0.6,2.83,1.2,1.01,1.3,0.279,528
2024-08-15T00:00:00.000Z,1.6,9.65,2.85,2.42,4,1.765,483
2024-08-16T00:00:00.000Z,0.3,6.43,1.48,1.1,2.39,0.85,448
2024-08-17T00:00:00.000Z,0.7,26.9,1.2,1.02,1.55,2.211,543
2024-08-18T00:00:00.000Z,0.93,4.88,2.2,1.5,3.01,0.94,541
2024-08-19T00:00:00.000Z,1.14,5.18,2.08,1.77,2.63,0.801,553
2024-08-20T00:00:00.000Z,1.27,9.68,5.32,2.42,7.47,2.541,531
2024-08-21T00:00:00.000Z,0.68,7.7,1.5,1.12,4.12,2.226,545
2024-08-22T00:00:00.000Z,0.82,7.43,2.54,1.63,4.72,1.715,550
2024-08-23T00:00:00.000Z,1.12,6.78,3.2,2.33,4.34,1.338,550
2024-08-24T00:00:00.000Z,0.8,13.93,1.8,1.42,3.01,1.147,553
2024-08-25T00:00:00.000Z,0.6,9.8,2.04,1.7,2.4,1.455,548
2024-08-26T00:00:00.000Z,1.42,11.1,5.72,4.3,7,2.129,542
2024-08-27T00:00:00.000Z,3.08,11.2,5.55,3.88,7.94,2.159,549
2024-08-28T00:00:00.000Z,3.15,7.6,4.97,4.2,5.7,0.971,555
2024-08-29T00:00:00.000Z,3.85,15.02,8.38,7.65,9.93,1.765,547
2024-08-30T00:00:00.000Z,1.1,13.27,2.9,2.04,6,3.025,555
2024-08-31T00:00:00.000Z,1.25,37.78,3.3,2.72,6.19,3.126,548
2024-09-01T00:00:00.000Z,0.8,4.75,1.6,1.23,2.25,0.63,555
2024-09-02T00:00:00.000Z,0.7,4.25,1.33,1.17,1.6,0.537,544
2024-09-03T00:00:00.000Z,1.6,7.63,4.2,2.4,5.55,1.571,543
2024-09-04T00:00:00.000Z,4.45,13.73,8.52,7.13,10,1.968,547
2024-09-05T00:00:00.000Z,3.97,10.52,6.82,5.63,8.05,1.464,555
2024-09-06T00:00:00.000Z,5.03,9.82,7.25,6.7,7.93,0.964,531
2024-09-07T00:00:00.000Z,4.32,9.63,6.18,5.45,7.03,1.055,479
2024-09-08T00:00:00.000Z,4.03,10.27,6.82,5.05,8.03,1.606,533
2024-09-09T00:00:00.000Z,0.9,10.77,6.4,2,7.07,2.73,552
2024-09-10T00:00:00.000Z,0.8,4.53,1.51,1.27,1.98,0.747,532
2024-09-11T00:00:00.000Z,0.25,2.5,1.02,0.7,1.25,0.362,550
2024-09-12T00:00:00.000Z,0.15,1.75,0.6,0.5,0.7,0.197,559
2024-09-13T00:00:00.000Z,0.2,2.67,0.6,0.5,0.7,0.26,519
2024-09-14T00:00:00.000Z,0.32,5,0.7,0.6,0.85,0.294,572
2024-09-15T00:00:00.000Z,0.4,3.38,1,0.8,1.3,0.39,554
2024-09-16T00:00:00.000Z,0.5,2.54,1.1,0.85,1.3,0.284,570
2024-09-17T00:00:00.000Z,0.65,2.22,1.12,1,1.4,0.283,558
2024-09-18T00:00:00.000Z,0.7,2.92,1.33,1.1,1.67,0.428,556
2024-09-19T00:00:00.000Z,0.77,2.95,1.7,1.4,2.04,0.41,548
2024-09-20T00:00:00.000Z,1.5,30.55,3.2,2.29,4.15,1.905,558
2024-09-21T00:00:00.000Z,2.9,10.4,5.7,4.4,7.39,1.714,565
2024-09-22T00:00:00.000Z,4.43,10.63,7.05,6.12,7.72,1.165,556
2024-09-23T00:00:00.000Z,5.53,15.23,10.11,8.18,11.88,2.199,552
2024-09-24T00:00:00.000Z,5.09,14.52,8.63,7.3,10.43,2.116,554
2024-09-25T00:00:00.000Z,0.5,16.73,1.27,1,1.9,4.433,552
2024-09-26T00:00:00.000Z,0.47,2.92,1.1,0.9,1.35,0.343,566
2024-09-27T00:00:00.000Z,0.1,6.78,0.5,0.4,0.7,0.557,422
2024-09-28T00:00:00.000Z,0.1,54.3,0.6,0.4,0.9,4.103,400
2024-09-29T00:00:00.000Z,0.1,1.9,0.52,0.4,1.12,0.429,569
2024-09-30T00:00:00.000Z,0.1,2.63,0.65,0.44,0.9,0.456,560
2024-10-01T00:00:00.000Z,0.1,2.6,0.5,0.4,0.6,0.253,553
2024-10-02T00:00:00.000Z,0.2,2.42,0.55,0.4,0.75,0.267,560
2024-10-03T00:00:00.000Z,0.3,3.97,0.8,0.6,1,0.329,561
2024-10-04T00:00:00.000Z,0.43,5.75,1,0.8,1.25,0.473,570
2024-10-05T00:00:00.000Z,0.5,9.6,1,0.88,1.35,0.749,569
2024-10-06T00:00:00.000Z,0.65,5.05,1.42,1.17,1.88,0.727,569
2024-10-07T00:00:00.000Z,0.7,10.48,1.33,1.17,1.6,0.843,574
2024-10-08T00:00:00.000Z,0.7,17.25,3.6,2.72,6.3,3.463,559
2024-10-09T00:00:00.000Z,2.1,21.2,9.03,5.22,16.55,5.872,564
2024-10-10T00:00:00.000Z,0.3,5.2,1.54,1.05,2.6,1.189,562
2024-10-11T00:00:00.000Z,0.1,3.63,0.68,0.5,1.1,0.461,571
2024-10-12T00:00:00.000Z,0.2,2.2,0.8,0.68,1,0.265,561
2024-10-13T00:00:00.000Z,0.75,18.82,1.95,1.63,2.27,1.012,575
2024-10-14T00:00:00.000Z,1.02,6.55,2.2,1.73,2.8,1.012,558
2024-10-15T00:00:00.000Z,1.2,10.52,2.4,1.85,3.3,1.167,545
2024-10-16T00:00:00.000Z,0.6,3.8,1.5,1.12,1.83,0.49,578
2024-10-17T00:00:00.000Z,1.67,5.88,2.85,2.42,3.75,0.842,559
2024-10-18T00:00:00.000Z,3.28,19.64,8.69,7.39,10.19,3.307,568
2024-10-19T00:00:00.000Z,3.6,25.7,9.49,5.03,10.91,4.482,560
2024-10-20T00:00:00.000Z,2.35,22.4,6.07,4.34,9.85,4.112,566
2024-10-21T00:00:00.000Z,1.85,5.95,3.78,3.3,4.3,0.768,567
2024-10-22T00:00:00.000Z,1.5,13.13,2.85,2.4,3.55,0.886,552
2024-10-23T00:00:00.000Z,1.3,4.63,2.2,1.92,2.52,0.469,577
2024-10-24T00:00:00.000Z,2.1,10.82,5.27,3.97,6.4,1.837,562
2024-10-25T00:00:00.000Z,4.03,25.3,8.59,7.22,17.55,6.311,518
2024-10-26T00:00:00.000Z,5.5,59.4,10.82,8.6,13.32,4.584,558
2024-10-27T00:00:00.000Z,0.68,26.4,2.66,1.9,13.75,6.925,546
2024-10-28T00:00:00.000Z,0.56,15.38,1.3,1.02,1.58,1.263,539
2024-10-29T00:00:00.000Z,0.3,3.88,0.9,0.7,1.14,0.588,565
2024-10-30T00:00:00.000Z,0.5,5.4,2.47,2.02,2.9,0.761,553
2024-10-31T00:00:00.000Z,1.42,5.32,2.45,2.15,2.83,0.525,560
2024-11-01T00:00:00.000Z,0.1,5.28,1.92,0.73,2.95,1.214,547
2024-11-02T00:00:00.000Z,0,15.9,0.8,0.4,1.32,1.369,533
2024-11-03T00:00:00.000Z,0.65,6.38,1.85,1.4,2.4,0.717,529
2024-11-04T00:00:00.000Z,0.1,2.8,0.8,0.52,1.1,0.504,466
2024-11-05T00:00:00.000Z,0.2,11.63,1.1,0.73,1.98,1.098,384
2024-11-06T00:00:00.000Z,0.2,7.43,1.92,1.05,2.6,1.301,367
2024-11-07T00:00:00.000Z,1.2,14.43,2.58,1.9,3.8,1.634,479
2024-11-08T00:00:00.000Z,0.8,4,2.08,1.5,2.52,0.635,415
2024-11-09T00:00:00.000Z,0.03,7.53,2.7,1.23,3.75,1.462,387
2024-11-10T00:00:00.000Z,2.65,17.02,5.25,4.25,6.55,1.944,349
2024-11-11T00:00:00.000Z,1.77,146.15,3.42,2.65,4.32,8.109,407
2024-11-12T00:00:00.000Z,1.35,9.57,2.45,2.02,5,2.023,271
2024-11-13T00:00:00.000Z,0.8,12.32,3.42,2.25,5.68,2.468,349
2024-11-14T00:00:00.000Z,0.7,5.82,2.17,1.3,2.7,0.825,327
2024-11-15T00:00:00.000Z,0.7,6.8,2.52,2.1,3.2,0.828,513
2024-11-16T00:00:00.000Z,0.88,28.42,1.91,1.55,2.58,1.544,534
2024-11-17T00:00:00.000Z,0.56,16.89,1.6,1.25,2,1.083,536
2024-11-18T00:00:00.000Z,0.4,9.07,1.1,0.85,1.72,1.335,489
2024-11-19T00:00:00.000Z,0.3,14.85,1,0.7,1.4,1.032,442
2024-11-20T00:00:00.000Z,0.28,16,1.02,0.63,1.65,1.119,412
2024-11-21T00:00:00.000Z,0.3,18.02,1.1,0.77,2,1.947,405
2024-11-22T00:00:00.000Z,0.75,12.55,1.73,1.38,2.47,1.589,426
2024-11-23T00:00:00.000Z,0.4,19.73,1.7,1.23,2.79,2.052,324
2024-11-24T00:00:00.000Z,0.1,20.63,2.93,1.2,4.03,2.312,424
2024-11-25T00:00:00.000Z,1.48,4.15,2.7,2.33,3.1,0.53,431
2024-11-26T00:00:00.000Z,0.8,9,2.44,1.92,2.9,0.79,580
2024-11-27T00:00:00.000Z,0.15,105.13,1.4,0.6,2.13,6.336,586
2024-11-28T00:00:00.000Z,0.1,5.3,0.5,0.4,0.7,0.485,592
2024-11-29T00:00:00.000Z,0.63,15.27,1.85,1.45,2.84,1.266,592
2024-11-30T00:00:00.000Z,0.7,29.23,2.65,2.15,3.94,2.929,592
2024-12-01T00:00:00.000Z,5.43,20.67,13.48,10.45,15.32,3.06,503
2024-12-02T00:00:00.000Z,2.25,14.82,7.57,6,10.35,2.968,591
2024-12-03T00:00:00.000Z,0,4.8,0.38,0.15,0.82,0.764,589
2024-12-04T00:00:00.000Z,0.1,8.9,0.47,0.35,0.63,0.663,590
2024-12-05T00:00:00.000Z,0.1,1.4,0.6,0.43,0.8,0.247,591
2024-12-06T00:00:00.000Z,1,23.23,3.45,2.54,4.8,1.757,590
2024-12-07T00:00:00.000Z,1.67,34.4,4.68,3.62,6.85,2.174,589
2024-12-08T00:00:00.000Z,1.2,8.98,2.52,1.83,3,0.835,586
2024-12-09T00:00:00.000Z,0.28,22,0.85,0.63,1.42,1.718,579
2024-12-10T00:00:00.000Z,0.25,21.95,3.22,0.75,4.25,2.151,555
2024-12-11T00:00:00.000Z,0.7,14.23,2.04,1.48,3.78,1.661,568
2024-12-12T00:00:00.000Z,0.8,9.44,2.44,1.58,3.55,1.534,578
2024-12-13T00:00:00.000Z,1,65.65,3.72,2.2,4.62,3.489,525
2024-12-14T00:00:00.000Z,0.5,25.67,2.85,1.77,4.07,2.741,518
2024-12-15T00:00:00.000Z,0.13,38.5,1.3,0.73,3.03,2.225,590
2024-12-16T00:00:00.000Z,1.55,20.48,3.75,2.95,4.38,1.393,494
2024-12-17T00:00:00.000Z,0.65,12.27,1.8,1.35,2.52,1.368,522
2024-12-18T00:00:00.000Z,0.63,17.82,3.99,2.85,8.55,4.143,528
2024-12-19T00:00:00.000Z,0.28,5.4,2.04,1.3,2.9,1.042,235
2024-12-20T00:00:00.000Z,0.1,4.03,1.1,0.75,1.76,0.737,429
2024-12-21T00:00:00.000Z,0.93,24.9,2,1.73,2.33,1.436,517
2024-12-22T00:00:00.000Z,1.05,22.4,2.54,1.9,3.2,1.756,591
2024-12-23T00:00:00.000Z,0.1,8.05,1,0.5,1.82,0.806,572
2024-12-24T00:00:00.000Z,0.2,8.8,1.1,0.56,1.6,0.766,551
2024-12-25T00:00:00.000Z,0.52,8.65,2.67,1.73,3.67,1.553,589
2024-12-26T00:00:00.000Z,1.17,7.38,2.82,2.04,3.53,0.992,590
2024-12-27T00:00:00.000Z,0,7.53,1.1,0.6,1.95,1.014,589
2024-12-28T00:00:00.000Z,0.15,13.75,2.13,1.05,3.56,1.969,565
2024-12-29T00:00:00.000Z,0.43,13.27,2.08,1.67,2.54,1.199,485
2024-12-30T00:00:00.000Z,0.1,12.1,1.58,0.65,3,1.592,251
2024-12-31T00:00:00.000Z,0.1,63.6,1.4,1.1,2.58,5.52,404
2025-01-01T00:00:00.000Z,0.1,6.85,1.4,0.56,2.7,1.565,558
2025-01-02T00:00:00.000Z,0.05,10.15,0.65,0.3,1.1,0.934,589
2025-01-03T00:00:00.000Z,0,3.92,0.2,0,0.5,0.44,578
2025-01-04T00:00:00.000Z,0.05,18.05,1,0.5,1.52,1.7,590
2025-01-05T00:00:00.000Z,0.4,23.02,1.27,0.82,2.33,1.412,588
2025-01-06T00:00:00.000Z,0.13,4.7,0.85,0.55,1.17,0.707,590
2025-01-07T00:00:00.000Z,0.3,10.45,2.17,1.9,2.5,0.732,589
2025-01-08T00:00:00.000Z,0.35,5.07,1.14,0.93,1.48,0.485,590
2025-01-09T00:00:00.000Z,0.4,5.28,1.27,0.98,1.67,0.66,587
2025-01-10T00:00:00.000Z,0.22,2.9,1.41,1.02,1.7,0.485,588
2025-01-11T00:00:00.000Z,0,1.52,0.3,0.2,0.42,0.211,589
2025-01-12T00:00:00.000Z,0.05,16.42,0.7,0.32,2.71,2.238,588
2025-01-13T00:00:00.000Z,0.73,30.55,1.77,1.42,2.42,2.775,535
2025-01-14T00:00:00.000Z,0.2,11.48,1.95,1.23,2.95,1.291,407
2025-01-15T00:00:00.000Z,0.28,10.02,1.8,1.1,3.74,1.804,589
2025-01-16T00:00:00.000Z,1.7,9.73,5.6,4.98,6.2,1.203,589
2025-01-17T00:00:00.000Z,3.85,15.07,7.95,6.72,11.85,2.947,587
2025-01-18T00:00:00.000Z,2,31.65,4.09,3.08,5.88,2.556,586
2025-01-19T00:00:00.000Z,3.58,12.6,7.15,6.28,8.15,1.583,587
2025-01-20T00:00:00.000Z,0.5,59.63,1.6,1.17,2.47,3.343,585
2025-01-21T00:00:00.000Z,1.3,14.32,8.48,3.15,10.82,3.752,587
2025-01-22T00:00:00.000Z,1.7,15.7,9.69,6.8,12.02,3.607,585
2025-01-23T00:00:00.000Z,0.5,6.28,2.8,1.63,3.7,1.292,587
2025-01-24T00:00:00.000Z,0.55,16.92,3.83,2.25,8.57,4.178,585
2025-01-25T00:00:00.000Z,0.82,32.63,3.4,2.5,4.12,2.059,545
2025-01-26T00:00:00.000Z,1.1,6.72,2.1,1.73,2.5,0.712,217
2025-01-27T00:00:00.000Z,0,6.15,1.2,0.5,2.08,0.952,491
2025-01-28T00:00:00.000Z,1.5,6.95,3.85,2.52,5.18,1.377,591
2025-01-29T00:00:00.000Z,0.68,13.57,2.34,1.42,3.45,1.675,592
2025-01-30T00:00:00.000Z,0.9,8.55,2.7,1.92,3.25,1.028,427
2025-01-31T00:00:00.000Z,0.65,43.58,4.03,2.36,5.6,3.101,453
2025-02-01T00:00:00.000Z,0.8,56.53,2.22,1.6,3.21,4.408,353
2025-02-02T00:00:00.000Z,1.38,25.2,4.5,2.67,6.35,2.93,490
2025-02-03T00:00:00.000Z,1.65,13.88,8.1,4.97,10.1,3.201,583
2025-02-04T00:00:00.000Z,9,66.2,23.15,18.75,25.92,5.721,582
2025-02-05T00:00:00.000Z,1.35,27.1,3.33,2.47,10.45,7.802,585
2025-02-06T00:00:00.000Z,0.2,17.39,1.2,0.75,1.6,1.315,587
2025-02-07T00:00:00.000Z,0.2,10.43,0.95,0.73,1.2,0.913,543
2025-02-08T00:00:00.000Z,1.65,8.18,4.55,2.9,5.72,1.625,529
2025-02-09T00:00:00.000Z,3.03,14.25,6.72,6.25,7.32,1.285,571
2025-02-10T00:00:00.000Z,1.38,13.85,3.33,2.95,3.66,0.978,577
2025-02-11T00:00:00.000Z,1,3.88,1.65,1.4,1.9,0.364,293
2025-02-12T00:00:00.000Z,1.27,11.35,2.95,2.22,3.6,1.414,510
2025-02-13T00:00:00.000Z,0.1,4.72,1.45,0.63,3.22,1.311,492
2025-02-14T00:00:00.000Z,0.2,8.23,0.93,0.6,1.44,1.296,304
2025-02-15T00:00:00.000Z,0.1,15.65,0.73,0.4,1.92,2.098,448
2025-02-16T00:00:00.000Z,0.1,8.55,0.8,0.47,1.1,0.831,338
2025-02-17T00:00:00.000Z,0.2,4.45,1.08,0.7,1.58,0.658,441
2025-02-18T00:00:00.000Z,0.15,4.65,1.25,0.9,1.88,0.711,522
2025-02-19T00:00:00.000Z,1.3,48.92,4.71,3.3,5.94,4.336,576
2025-02-20T00:00:00.000Z,0.6,16.17,1.55,1.12,2.22,2.491,574
2025-02-21T00:00:00.000Z,8.98,51.13,18.3,15.7,21.48,4.728,566
2025-02-22T00:00:00.000Z,11.55,29.4,18.25,16.09,20.27,3.57,577
2025-02-23T00:00:00.000Z,1.35,30.9,6.52,3.7,18.35,8.451,582
2025-02-24T00:00:00.000Z,4.22,14.85,6.85,5.71,10.4,2.59,577
2025-02-25T00:00:00.000Z,1.92,31.88,5.93,4.53,10.33,4.326,576
2025-02-26T00:00:00.000Z,1,9.3,3.42,2.33,4.2,1.731,574
2025-02-27T00:00:00.000Z,0.4,7.88,1.73,1,3.28,1.785,411
2025-02-28T00:00:00.000Z,1.35,5.25,1.9,1.69,2.42,0.589,101
2025-03-01T00:00:00.000Z,0.93,11.63,2.92,2.27,3.55,1.059,387
2025-03-02T00:00:00.000Z,1.05,9.05,2.63,2.29,2.95,0.688,578
2025-03-03T00:00:00.000Z,1.5,17.92,3.05,2.54,3.58,1.052,573
2025-03-04T00:00:00.000Z,1.3,98.93,2.9,2.45,3.38,4.832,573
2025-03-05T00:00:00.000Z,3.33,17.39,4.78,4.28,5.32,1.038,572
2025-03-06T00:00:00.000Z,2.9,7.28,5.15,4.4,5.85,0.965,148
2025-03-07T00:00:00.000Z,15.7,999.9,26.62,22.2,29.2,107.432,422
2025-03-08T00:00:00.000Z,2.8,36.86,4.53,3.75,6.71,8.285,568
2025-03-09T00:00:00.000Z,1.35,8.9,3.47,2.78,4.29,1.417,568
2025-03-10T00:00:00.000Z,1.52,830.1,3.22,2.75,4,49.645,562
2025-03-11T00:00:00.000Z,0.45,816.6,1.4,0.95,1.83,37.298,574
2025-03-12T00:00:00.000Z,0.32,16.92,0.8,0.7,1,1.069,585
2025-03-13T00:00:00.000Z,1.02,4.9,2.02,1.8,2.33,0.452,371
2025-03-14T00:00:00.000Z,0.32,39.92,1,0.68,1.52,2.757,227
2025-03-15T00:00:00.000Z,1.02,1.9,1.63,1.52,1.85,0.27,7
2025-03-18T00:00:00.000Z,1.7,3.53,2.31,2.12,2.65,0.363,68
2025-03-19T00:00:00.000Z,0.85,5.15,2.27,1.62,3.39,1.018,588
2025-03-20T00:00:00.000Z,1.45,11.43,6.15,2.92,7.47,2.557,566
2025-03-21T00:00:00.000Z,0.2,11.82,0.63,0.4,3.01,2.477,592
2025-03-22T00:00:00.000Z,0.22,28.13,1.65,1.23,2,1.382,591
2025-03-23T00:00:00.000Z,1.25,43.63,2.4,2,2.97,1.8,592
2025-03-24T00:00:00.000Z,1.2,16.3,5.09,1.9,7.47,3.521,591
2025-03-25T00:00:00.000Z,2.85,22.77,5.57,4.3,13.6,5.348,591
2025-03-26T00:00:00.000Z,0.2,4.2,1.35,0.6,2.2,0.905,590
2025-03-27T00:00:00.000Z,1.75,13.18,7.63,4.2,10.27,3.161,223
2025-03-28T00:00:00.000Z,16.23,28.7,19.8,18.64,21.35,2.371,455
2025-03-29T00:00:00.000Z,0.9,22.88,2.54,1.67,5.4,3.761,563
2025-03-30T00:00:00.000Z,0.1,2.15,0.77,0.5,1.2,0.451,349
2025-03-31T00:00:00.000Z,0.3,2.1,0.8,0.56,1,0.316,520
2025-04-01T00:00:00.000Z,0.2,2.25,0.6,0.42,0.8,0.353,205
2025-04-02T00:00:00.000Z,0.4,1.88,0.85,0.7,1,0.224,177
2025-04-03T00:00:00.000Z,0.3,4.15,1,0.8,1.5,0.923,579
2025-04-04T00:00:00.000Z,0.1,2.65,0.6,0.5,0.82,0.402,586
2025-04-05T00:00:00.000Z,0,1.8,0.3,0.2,0.43,0.267,550
2025-04-06T00:00:00.000Z,0.2,1.92,0.6,0.5,0.8,0.264,348
2025-04-07T00:00:00.000Z,0.1,1.3,0.3,0.2,0.5,0.189,328
2025-04-08T00:00:00.000Z,0.1,1.9,0.52,0.4,0.7,0.204,581
2025-04-09T00:00:00.000Z,0.1,9.3,0.65,0.4,0.82,1.785,551
2025-04-10T00:00:00.000Z,0.25,5.09,0.9,0.6,2.67,1.191,587
2025-04-11T00:00:00.000Z,0.4,7.32,2.2,1.3,3.1,1.223,586
2025-04-12T00:00:00.000Z,0.95,41.25,2.83,2.17,4.57,2.775,589
2025-04-13T00:00:00.000Z,1.12,26.27,4.88,2.25,13.48,6.391,565
2025-04-14T00:00:00.000Z,1.23,17.8,3.4,2.45,6.75,3.331,587
2025-04-15T00:00:00.000Z,0.93,7.93,2.97,2.12,3.67,1.33,573
2025-04-16T00:00:00.000Z,2.52,11.18,5.03,3.97,7.97,2.151,584
2025-04-17T00:00:00.000Z,1.75,17.05,6.56,3.92,8.48,3.394,590
2025-04-18T00:00:00.000Z,0.3,45.47,2,0.88,3.28,4.44,591
2025-04-19T00:00:00.000Z,0.45,10.07,5.8,3.45,7.93,2.757,506
2025-04-20T00:00:00.000Z,0.1,2.72,0.6,0.4,0.73,0.323,592
2025-04-21T00:00:00.000Z,0.1,2.1,0.9,0.6,1.23,0.419,590
2025-04-22T00:00:00.000Z,1.83,19.35,12.25,6.92,14.4,4.716,592
2025-04-23T00:00:00.000Z,0.3,15.55,0.8,0.6,3.97,3.872,591
2025-04-24T00:00:00.000Z,0.2,3.5,0.8,0.5,1.14,0.535,590
2025-04-25T00:00:00.000Z,0.1,1.5,0.6,0.45,0.7,0.204,589
2025-04-26T00:00:00.000Z,0.2,19.1,0.9,0.5,1.23,1.084,591
2025-04-27T00:00:00.000Z,0.82,12.45,1.75,1.5,2.29,3.045,591
2025-04-28T00:00:00.000Z,1.5,5.8,2.7,2.1,3.75,1.044,590
2025-04-29T00:00:00.000Z,0.2,5.97,1.1,0.7,2.35,1.471,586
2025-04-30T00:00:00.000Z,0.45,7,2.04,1.2,2.47,0.853,590
2025-05-01T00:00:00.000Z,2.17,16.32,3.88,3.15,8.32,3.827,591
2025-05-02T00:00:00.000Z,0.93,28.27,2.7,2.06,5.07,6.712,540
2025-05-03T00:00:00.000Z,0.52,4.97,1.23,1.08,1.5,0.47,490
2025-05-04T00:00:00.000Z,0.13,1.7,0.5,0.4,0.65,0.308,591
2025-05-05T00:00:00.000Z,0.17,3.38,0.68,0.5,1.42,0.84,590
2025-05-06T00:00:00.000Z,0.1,3.63,0.6,0.32,1,0.832,587
2025-05-07T00:00:00.000Z,0.3,1.65,0.7,0.6,0.81,0.17,589
2025-05-08T00:00:00.000Z,0.5,1.67,0.82,0.75,0.95,0.168,589
2025-05-09T00:00:00.000Z,0.8,8.05,3.17,2.58,3.7,1.084,590
2025-05-10T00:00:00.000Z,1.83,6.85,3.33,2.78,4.25,1.002,592
2025-05-11T00:00:00.000Z,0.8,5.18,1.5,1.3,1.73,0.632,591
2025-05-12T00:00:00.000Z,0.6,2.85,1.3,1,1.7,0.418,590
2025-05-13T00:00:00.000Z,0.9,3.75,1.67,1.38,2.02,0.496,589
2025-05-14T00:00:00.000Z,0.22,7.38,0.88,0.6,1.3,0.898,591
2025-05-15T00:00:00.000Z,0.3,2.29,1,0.73,1.3,0.354,591
2025-05-16T00:00:00.000Z,0.35,1.77,0.77,0.6,0.9,0.218,591
2025-05-17T00:00:00.000Z,0.5,4.65,0.9,0.8,1.02,0.301,592
2025-05-18T00:00:00.000Z,0.28,5.32,0.82,0.63,1.14,0.417,589
2025-05-19T00:00:00.000Z,0.2,4.32,0.7,0.6,0.9,0.301,591
2025-05-20T00:00:00.000Z,1,8.52,2.67,1.6,4.3,1.932,591
2025-05-21T00:00:00.000Z,0.15,11.32,1.1,0.7,3.63,2.931,591
2025-05-22T00:00:00.000Z,0,6.6,0.4,0.3,0.52,0.623,591
2025-05-23T00:00:00.000Z,0.05,1.5,0.4,0.25,0.6,0.243,586
2025-05-24T00:00:00.000Z,0.5,11.27,1.4,1,2.25,0.838,590
2025-05-25T00:00:00.000Z,0.5,7.4,2.2,1.55,4.55,1.768,590
2025-05-26T00:00:00.000Z,0.5,5,1.65,1.23,2.45,0.875,591
2025-05-27T00:00:00.000Z,0.8,6.55,1.98,1.5,2.6,1.243,591
2025-05-28T00:00:00.000Z,0.6,3.08,1.45,1.12,1.88,0.483,592
2025-05-29T00:00:00.000Z,0.5,3.1,1.12,0.9,1.5,0.42,591
2025-05-30T00:00:00.000Z,0.7,5.09,1.58,1.3,2.17,0.799,592
2025-05-31T00:00:00.000Z,0.4,11.05,1.23,0.98,1.7,0.614,592
2025-06-01T00:00:00.000Z,0.93,9,2.42,1.55,5.01,2.049,589
2025-06-02T00:00:00.000Z,0.65,5.3,1.92,1.55,2.88,0.878,587
2025-06-03T00:00:00.000Z,0.77,3.88,1.58,1.3,1.98,0.476,591
2025-06-04T00:00:00.000Z,1,4.7,2.72,2.2,3.17,0.662,586
2025-06-05T00:00:00.000Z,0.55,13.05,1.77,1.5,2.04,0.741,591
2025-06-06T00:00:00.000Z,0.55,3.03,1.4,1.2,1.65,0.396,589
2025-06-07T00:00:00.000Z,0.63,2.52,1.4,1.17,1.63,0.329,589
2025-06-08T00:00:00.000Z,0.6,7.03,1.35,1,1.73,0.563,585
2025-06-09T00:00:00.000Z,0.32,3.3,0.98,0.8,1.27,0.39,591
2025-06-10T00:00:00.000Z,0.7,16.13,9,5.72,11.48,4.082,590
2025-06-11T00:00:00.000Z,0.7,11.55,1.8,1.3,5.97,2.938,582
2025-06-12T00:00:00.000Z,0.5,2.54,1,0.82,1.2,0.338,524
2025-06-13T00:00:00.000Z,0.4,2.33,0.88,0.73,1,0.199,590
2025-06-14T00:00:00.000Z,0.6,3.92,1.48,1.1,2.2,0.646,590
2025-06-15T00:00:00.000Z,1.9,11,3.15,2.7,4.13,1.62,373
2025-06-16T00:00:00.000Z,2.22,6.47,4.15,3.8,4.5,0.587,452
2025-06-17T00:00:00.000Z,4.05,9.1,5.72,5.28,6.22,0.751,591
2025-06-18T00:00:00.000Z,0.95,5.7,2.78,2.08,3.55,0.921,592
2025-06-19T00:00:00.000Z,0.2,3.17,0.99,0.5,1.77,0.75,592
2025-06-20T00:00:00.000Z,0.47,3.95,1.63,1.12,2.12,0.638,588
2025-06-21T00:00:00.000Z,1.25,6.93,2.13,1.8,3.83,1.346,579
2025-06-22T00:00:00.000Z,1.3,12.68,2.4,2.1,2.84,0.679,592
2025-06-23T00:00:00.000Z,0.82,8.94,2.04,1.62,4.8,2.119,592
2025-06-24T00:00:00.000Z,0.95,3.8,1.73,1.5,2.1,0.449,592
2025-06-25T00:00:00.000Z,0.5,5.05,1.63,1,2.15,1.05,592
2025-06-26T00:00:00.000Z,0.85,5.93,1.9,1.5,3.2,1.159,591
2025-06-27T00:00:00.000Z,1.3,4.47,2.58,1.99,3.25,0.739,589
2025-06-28T00:00:00.000Z,0.9,7.78,3.75,2.97,5.09,1.564,592
2025-06-29T00:00:00.000Z,1.73,6.8,4.05,3.35,4.45,0.918,590
2025-06-30T00:00:00.000Z,0.5,3.38,1.35,0.95,1.95,0.595,420
2025-07-01T00:00:00.000Z,1.05,6.68,2.5,1.8,3.03,0.869,590
2025-07-02T00:00:00.000Z,1.55,10.5,2.38,2.08,3,1.551,591
2025-07-03T00:00:00.000Z,0.8,11.18,2.13,1.67,2.58,1.872,591
2025-07-04T00:00:00.000Z,0.7,3.7,1.63,1.23,2.15,0.581,591
2025-07-05T00:00:00.000Z,0.85,5.09,2,1.6,2.63,0.89,591
2025-07-06T00:00:00.000Z,0.6,6.1,1.9,1.38,3.2,1.131,542
2025-07-07T00:00:00.000Z,0.85,3.38,2,1.7,2.42,0.514,592
2025-07-08T00:00:00.000Z,0.2,2.83,0.7,0.47,1.14,0.452,591
2025-07-09T00:00:00.000Z,0.7,5.7,1.65,1.29,3.28,1.161,592
2025-07-10T00:00:00.000Z,1.1,5.5,2.42,2.02,3.3,0.892,592
2025-07-11T00:00:00.000Z,1.1,10.05,2.54,2,3,0.822,592
2025-07-12T00:00:00.000Z,2.52,7.53,4.28,3.7,4.75,0.714,592
2025-07-13T00:00:00.000Z,1.35,5.43,2.02,1.8,2.9,0.716,588
2025-07-14T00:00:00.000Z,1.4,4.15,2.38,2,3,0.588,591
2025-07-15T00:00:00.000Z,1.55,7.65,3.85,3.22,4.93,1.235,593
2025-07-16T00:00:00.000Z,2.22,6.53,4.34,3.84,4.92,0.798,592
2025-07-17T00:00:00.000Z,1.95,6.3,3.28,2.83,4.13,0.974,593
2025-07-18T00:00:00.000Z,2.54,5.25,3.78,3.41,4.05,0.47,592
2025-07-19T00:00:00.000Z,2.97,7.28,4.93,4.4,5.6,0.841,593
2025-07-20T00:00:00.000Z,2.8,7.8,5.78,5.09,6.38,0.914,586
2025-07-21T00:00:00.000Z,2.35,6.93,4.09,3.22,5.03,1.085,593
2025-07-22T00:00:00.000Z,2.25,6.35,3.55,3.22,4.05,0.747,591
2025-07-23T00:00:00.000Z,0.7,5.72,4.09,3.25,4.55,0.994,592
2025-07-24T00:00:00.000Z,1.55,7.7,5.03,4.55,5.65,0.873,592
2025-07-25T00:00:00.000Z,1.5,10.43,4.05,2.9,5.22,1.754,593
2025-07-26T00:00:00.000Z,1.73,7.68,5.38,2.8,6.15,1.696,592
2025-07-27T00:00:00.000Z,0.5,3.6,1.12,0.93,1.5,0.648,591
2025-07-28T00:00:00.000Z,1.05,3.67,2,1.8,2.2,0.31,591
2025-07-29T00:00:00.000Z,1.12,3.13,1.77,1.57,1.98,0.296,593
2025-07-30T00:00:00.000Z,0.6,3.92,1.4,1.19,1.89,0.768,593
2025-07-31T00:00:00.000Z,0.6,13.9,1.42,1.14,1.75,0.659,590
2025-08-01T00:00:00.000Z,1,3.38,1.98,1.7,2.27,0.401,590
2025-08-02T00:00:00.000Z,1.4,7.53,2.4,2.1,2.75,0.597,593
2025-08-03T00:00:00.000Z,0,12.98,1.3,0.7,2.4,1.089,592
2025-08-04T00:00:00.000Z,0,3.1,1.35,1.02,1.67,0.488,587
2025-08-05T00:00:00.000Z,0.6,3.38,1.88,1.52,2.15,0.467,565
2025-08-06T00:00:00.000Z,0.9,4.09,1.83,1.5,2.15,0.479,527
2025-08-07T00:00:00.000Z,0.7,3.97,1.98,1.67,2.27,0.445,569
2025-08-08T00:00:00.000Z,0.73,4.84,2.29,1.63,2.72,0.763,577
2025-08-09T00:00:00.000Z,0.65,3.63,1.3,1.08,1.64,0.535,564
2025-08-10T00:00:00.000Z,0.77,5.65,1.9,1.55,2.29,0.558,590
2025-08-11T00:00:00.000Z,0.5,4.68,1.63,1.34,1.98,0.882,593
2025-08-12T00:00:00.000Z,1.1,4.8,2.02,1.75,2.35,0.55,592
2025-08-13T00:00:00.000Z,1.65,7.47,2.5,2.2,2.97,1.102,579
2025-08-14T00:00:00.000Z,1.63,4.88,2.8,2.42,3.08,0.489,586
2025-08-15T00:00:00.000Z,1.77,10.27,4.09,2.7,5.4,1.822,482
2025-08-16T00:00:00.000Z,0.1,26.15,0.6,0.3,0.99,1.683,577
2025-08-17T00:00:00.000Z,0,4.09,0.4,0.22,0.6,0.352,591
2025-08-18T00:00:00.000Z,0.1,1.92,0.5,0.4,0.68,0.213,589
2025-08-19T00:00:00.000Z,0.1,20.7,1.4,0.6,3.2,1.78,591
2025-08-20T00:00:00.000Z,0.1,2.5,0.28,0.2,0.32,0.154,576
2025-08-21T00:00:00.000Z,0.1,1.2,0.4,0.3,0.5,0.161,379
2025-08-22T00:00:00.000Z,0,2.2,0.22,0.17,0.32,0.263,378
2025-08-23T00:00:00.000Z,0,4.75,0.3,0.2,0.4,0.361,587
2025-08-24T00:00:00.000Z,0.1,3.67,0.5,0.32,0.7,0.389,593
2025-08-25T00:00:00.000Z,0,2.08,0.4,0.22,0.7,0.394,591
2025-08-26T00:00:00.000Z,0,2,0.6,0.3,1.2,0.487,592
2025-08-27T00:00:00.000Z,0.43,2.25,1.08,0.9,1.3,0.298,591
2025-08-28T00:00:00.000Z,1.2,7.4,3.1,2.33,3.8,1.122,592
2025-08-29T00:00:00.000Z,2.72,8.75,4.55,3.65,5.87,1.446,592
2025-08-30T00:00:00.000Z,1,8.19,2.9,1.7,4.38,1.715,593
2025-08-31T00:00:00.000Z,1.2,6.88,2.2,1.8,2.92,1.426,591
2025-09-01T00:00:00.000Z,0.93,2.88,1.77,1.55,1.98,0.322,590
2025-09-02T00:00:00.000Z,0.98,5.09,1.77,1.5,2.2,0.815,593
2025-09-03T00:00:00.000Z,0.38,4.15,1.2,0.82,1.57,0.634,592
2025-09-04T00:00:00.000Z,0.56,2.67,1.3,1,1.7,0.46,592
2025-09-05T00:00:00.000Z,1.2,3.8,2.1,1.88,2.4,0.47,466
2025-09-06T00:00:00.000Z,1.42,1.88,1.6,1.46,1.79,0.16,9
2025-09-07T00:00:00.000Z,0.63,3.28,1.15,0.98,1.33,0.267,254
2025-09-08T00:00:00.000Z,1.1,8.07,2.4,1.6,4.71,1.898,309
2025-09-09T00:00:00.000Z,3.17,8.9,5.72,5.18,6.7,1.155,591
2025-09-10T00:00:00.000Z,3.1,9.15,5.75,4.25,7.3,1.619,558
2025-09-11T00:00:00.000Z,0.93,10.07,3.58,2.63,6.94,2.497,588
2025-09-12T00:00:00.000Z,0.55,3.15,1.08,0.9,1.3,0.41,533
2025-09-13T00:00:00.000Z,0.6,4.2,1.12,0.98,1.38,0.407,593
2025-09-14T00:00:00.000Z,0.43,8.3,1.1,0.88,1.42,0.498,593
2025-09-15T00:00:00.000Z,0.4,2.88,1.52,1,1.95,0.561,503
2025-09-16T00:00:00.000Z,0.68,4.45,1.6,1.34,2.1,0.497,592
2025-09-17T00:00:00.000Z,0.47,3,1.67,1.3,1.92,0.483,593
2025-09-18T00:00:00.000Z,0.2,6.05,2.52,1.48,3.1,1,592
2025-09-19T00:00:00.000Z,1.3,5.5,3.17,2.83,3.51,0.616,568
2025-09-20T00:00:00.000Z,2.5,11.45,5.78,4.8,7.82,1.977,459
2025-09-21T00:00:00.000Z,0.28,19.14,2.08,0.98,5.09,4.338,589
2025-09-22T00:00:00.000Z,0.1,17.32,0.68,0.5,0.85,1.151,590
2025-09-23T00:00:00.000Z,0.1,1.65,0.47,0.3,0.63,0.282,591
2025-09-24T00:00:00.000Z,0.2,9.48,0.55,0.4,0.7,0.674,590
2025-09-25T00:00:00.000Z,0.22,2.35,0.6,0.5,0.75,0.3,580
2025-09-26T00:00:00.000Z,0.1,1.58,0.6,0.4,0.8,0.241,591
2025-09-27T00:00:00.000Z,0.3,5.3,0.7,0.6,0.88,0.296,591
2025-09-28T00:00:00.000Z,0.47,6.3,0.98,0.85,1.14,0.556,587
2025-09-29T00:00:00.000Z,0.4,1.95,0.8,0.7,0.93,0.192,589
2025-09-30T00:00:00.000Z,0.3,2.65,0.8,0.63,0.95,0.266,591
2025-10-01T00:00:00.000Z,0.7,4.18,1.52,1.2,2.2,0.669,580
2025-10-02T00:00:00.000Z,1.6,51.35,2.63,2.2,3.05,2.938,569
2025-10-03T00:00:00.000Z,0.9,8.55,1.7,1.33,2.75,0.815,560
2025-10-04T00:00:00.000Z,0.3,5.7,1.3,0.8,2.35,1.181,586
2025-10-05T00:00:00.000Z,0.4,2.52,1.3,1.1,1.63,0.399,591
2025-10-06T00:00:00.000Z,0.4,19.88,1,0.8,1.33,0.97,591
2025-10-07T00:00:00.000Z,0.4,4.82,2.2,1.5,3.17,1.026,588
2025-10-08T00:00:00.000Z,0.45,4.4,1.5,1.12,2.15,0.831,591
2025-10-09T00:00:00.000Z,0.85,5.97,1.92,1.58,2.9,1.024,591
2025-10-10T00:00:00.000Z,0.93,4.4,2.7,2.33,3.1,0.592,590
2025-10-11T00:00:00.000Z,0.82,4.84,2.04,1.6,2.45,0.602,592
2025-10-12T00:00:00.000Z,0.1,31.23,0.98,0.56,1.62,2.514,585
2025-10-13T00:00:00.000Z,0.2,11.18,0.77,0.6,1.38,1.016,592
2025-10-14T00:00:00.000Z,0.4,4.43,1.17,0.88,1.4,0.643,509
2025-10-15T00:00:00.000Z,1,10.38,2.7,2,3.25,1.24,586
2025-10-16T00:00:00.000Z,0.35,8.63,1,0.73,1.4,0.858,503
2025-10-17T00:00:00.000Z,0.2,113.45,0.7,0.55,1.29,5.294,576
2025-10-18T00:00:00.000Z,0.1,5.88,0.75,0.5,1.2,0.914,575
2025-10-19T00:00:00.000Z,0.2,6.53,0.7,0.5,0.9,0.505,581
2025-10-20T00:00:00.000Z,0.56,3.75,1.33,1.02,2,0.686,591
2025-10-21T00:00:00.000Z,2.29,11.9,5.09,3.9,7.32,2.232,592
2025-10-22T00:00:00.000Z,0.7,10.55,5.4,3.28,6.78,2.43,591
2025-10-23T00:00:00.000Z,0.45,4.5,1.67,1.2,2.58,0.975,591
2025-10-24T00:00:00.000Z,0.4,3.9,1.5,1,2.15,0.745,591
2025-10-25T00:00:00.000Z,0.63,34.79,1.5,1.25,1.8,1.538,587
2025-10-26T00:00:00.000Z,0.1,3.1,0.9,0.7,1.12,0.357,591
2025-10-27T00:00:00.000Z,0.4,16.6,0.9,0.73,1.5,1.575,587
2025-10-28T00:00:00.000Z,0.38,13.07,1.1,0.9,1.33,0.729,592
2025-10-29T00:00:00.000Z,0.15,3.7,1.02,0.8,1.8,0.745,593
2025-10-30T00:00:00.000Z,0.1,22.83,0.5,0.4,0.73,1.065,591
2025-10-31T00:00:00.000Z,0.05,28.4,0.75,0.5,1.1,2.154,588
2025-11-01T00:00:00.000Z,0.7,7.45,2.83,2.27,3.92,1.261,592
2025-11-02T00:00:00.000Z,0.5,5.45,2.41,1.3,3,1.032,592
2025-11-03T00:00:00.000Z,0.2,5.82,1.7,1.27,2.79,1.246,592
2025-11-04T00:00:00.000Z,0.82,5.4,2.7,2.02,3.5,0.996,591
2025-11-05T00:00:00.000Z,1.27,6.47,2.88,2.4,3.69,0.919,593
2025-11-06T00:00:00.000Z,1.38,44.92,4.38,2.5,5.9,3.128,592
2025-11-07T00:00:00.000Z,1.33,17.07,6.84,2.42,13.18,5.069,590
2025-11-08T00:00:00.000Z,6.93,37.25,11.5,9.68,13.45,3.219,592
2025-11-09T00:00:00.000Z,2.65,24.8,5.8,4.63,8.53,2.811,593
2025-11-10T00:00:00.000Z,2.15,15.15,12.12,4.8,13.51,4.154,340
2025-11-11T00:00:00.000Z,1.7,13.65,5.2,3.35,8.4,2.731,586
2025-11-12T00:00:00.000Z,1.42,9.93,4.07,3.4,5.21,1.622,592
2025-11-13T00:00:00.000Z,0.08,9.3,0.6,0.3,3.44,2.599,592
2025-11-14T00:00:00.000Z,0.1,38.9,0.8,0.57,1.13,4.062,591
2025-11-15T00:00:00.000Z,0.3,24.67,1.3,0.93,1.9,1.778,592
2025-11-16T00:00:00.000Z,0.22,17.13,0.95,0.7,2.03,1.638,456
2025-11-17T00:00:00.000Z,0.2,14.4,1.13,0.75,1.6,1.563,447